USE BUDT703_Project_0507_15

-- SQL drop tables:
DROP TABLE IF EXISTS[OnTrack.Budget]
DROP TABLE IF EXISTS [OnTrack.Procurement]
DROP TABLE IF EXISTS [OnTrack.Ridership]
DROP TABLE IF EXISTS [OnTrack.GuestRewards]
DROP TABLE IF EXISTS [OnTrack.Employment]
DROP TABLE IF EXISTS [OnTrack.Map]
DROP TABLE IF EXISTS [OnTrack.Performance]
DROP TABLE IF EXISTS [OnTrack.Route]
DROP TABLE IF EXISTS [OnTrack.StationCity]
DROP TABLE IF EXISTS [OnTrack.State]

--SQL create tables and insert data into them:
--State
CREATE TABLE [OnTrack.State](
	stateCode CHAR(2) NOT NULL,
	stateName VARCHAR(30) 
	CONSTRAINT pk_State_stateCode PRIMARY KEY (stateCode))

INSERT INTO [OnTrack.State] VALUES
('AL', 'Alabama'),
('AZ', 'Arizona'),
('AR', 'Arkansas'),
('BC', 'British Columbia (Canada)'),
('CA', 'California'),
('CO', 'Colorado'),
('CT', 'Connecticut'),
('DE', 'Delaware'),
('DC', 'District of Columbia'),
('FL', 'Florida'),
('GA', 'Georgia'),
('ID', 'Idaho'),
('IL', 'Illinois'),
('IN', 'Indiana'),
('IA', 'Iowa'),
('KS', 'Kansas'),
('KY', 'Kentucky'),
('LA', 'Louisiana'),
('ME', 'Maine'),
('MD', 'Maryland'),
('MA', 'Massachusetts'),
('MI', 'Michigan'),
('MN', 'Minnesota'),
('MS', 'Mississippi'),
('MO', 'Missouri'),
('MT', 'Montana'),
('NE', 'Nebraska'),
('NV', 'Nevada'),
('NH', 'New Hampshire'),
('NJ', 'New Jersey'),
('NM', 'New Mexico'),
('NY', 'New York'),
('NC', 'North Carolina'),
('ND', 'North Dakota'),
('OH', 'Ohio'),
('OK', 'Oklahoma'),
('ON', 'Ontario (Canada)'),
('OR', 'Oregon'),
('PA', 'Pennsylvania'),
('QC', 'Quebec (Canada)'),
('RI', 'Rhode Island'),
('SC', 'South Carolina'),
('TN', 'Tennessee'),
('TX', 'Texas'),
('UT', 'Utah'),
('VT', 'Vermont'),
('VA', 'Virginia'),
('WA', 'Washington'),
('WV', 'West Virginia'),
('WI', 'Wisconsin')


--StationCityCode
CREATE TABLE [OnTrack.StationCity](
	stationCityCode CHAR(3) NOT NULL,
	stationCityName VARCHAR(30),
	stateCode CHAR(2) NOT NULL,
	CONSTRAINT pk_StationCity_stationCityCode PRIMARY KEY (stationCityCode),
	CONSTRAINT fk_StationCity_stateCode FOREIGN KEY (stateCode) 
		REFERENCES  [OnTrack.State] (stateCode) 
		ON DELETE  NO ACTION ON UPDATE CASCADE)


INSERT INTO [OnTrack.StationCity] VALUES
('ATN','Anniston','AL'),
('BHM','Birmingham','AL'),
('TCL','Tuscaloosa','AL'),
('BEN','Benson','AZ'),
('FLG','Flagstaff','AZ'),
('KNG','Kingman','AZ'),
('MRC','Maricopa','AZ'),
('US)','Tucson','AZ'),
('WLO','Winslow','AZ'),
('YUM','Yuma','AZ'),
('ARK','Arkadelphia','AZ'),
('HOP','Hope','AR'),
('LRK','Little Rock','AR'),
('MVN','Malvern','AR'),
('TXA','Texarkana','AR'),
('WNR','Walnut Ridge','AR'),
('VAC','Vancouver','AR'),
('ANA','Anaheim','BC'),
('ACA','Antioch-Pittsburg','CA'),
('ARN','Auburn','CA'),
('BFD','Bakersfield','CA'),
('BAR','Barstow','CA'),
('BKY','Berkeley','CA'),
('BUR','Burbank—Airport','CA'),
('BBK','Burbank—Downtown','CA'),
('CML','Camarillo','CA'),
('CPN','Carpinteria','CA'),
('CWT','Chatsworth','CA'),
('CIC','Chico','CA'),
('COX','Colfax','CA'),
('COC','Corcoran','CA'),
('DAV','Davis','CA'),
('TRK','Denair','CA'),
('DUN','Dunsmuir','CA'),
('EMY','Emeryville','CA'),
('FFV','Fairfield-Vacaville','CA'),
('FMT','Fremont','CA'),
('FNO','Fresno','CA'),
('FUL','Fullerton','CA'),
('GDL','Glendale','CA'),
('GTA','Goleta','CA'),
('GVB','Grover Beach','CA'),
('GUA','Guadalupe','CA'),
('HNF','Hanford','CA'),
('HAY','Hayward','CA'),
('IRV','Irvine','CA'),
('LOD','Lodi','CA'),
('LPS','Lompoc-Surf','CA'),
('LAX','Los Angeles','CA'),
('MDR','Madera','CA'),
('MTZ','Martinez','CA'),
('MCD','Merced','CA'),
('MOD','Modesto','CA'),
('MPK','Moorpark','CA'),
('NDL','Needles','CA'),
('NRG','Northridge','CA'),
('OKJ','Oakland','CA'),
('OAC','Oakland','CA'),
('OSD','Oceanside','CA'),
('ONA','Ontario','CA'),
('OXN','Oxnard','CA'),
('PSN','Palm Springs','CA'),
('PRB','Paso Robles','CA'),
('POS','Pomona','CA'),
('RDD','Redding','CA'),
('RIC','Richmond','CA'),
('RIV','Riverside','CA'),
('RLN','Rocklin','CA'),
('RSV','Roseville','CA'),
('SAC','Sacramento','CA'),
('SNS','Salinas','CA'),
('SNB','San Bernardino','CA'),
('SNP','San Clemente Pier','CA'),
('OLT','San Diego','CA'),
('SAN','San Diego','CA'),
('SJC','San Jose','CA'),
('SNC','San Juan Capistrano','CA'),
('SLO','San Luis Obispo','CA'),
('SNA','Santa Ana','CA'),
('SBA','Santa Barbara','CA'),
('GAC','Santa Clara','CA'),
('SCC','Santa Clara','CA'),
('SIM','Simi Valley','CA'),
('SOL','Solana Beach','CA'),
('SKT','Stockton','CA'),
('SKN','Stockton','CA'),
('SUI','Suisun-Fairfield','CA'),
('TRU','Truckee','CA'),
('VNC','Van Nuys','CA'),
('VEC','Ventura','CA'),
('VRV','Victorville','CA'),
('WAC','Wasco','CA'),
('DEN','Denver','CA'),
('FMG','Fort Morgan','CO'),
('WIP','Fraser-Winter Park','CO'),
('GSC','Glenwood Springs','CO'),
('GRA','Granby','CO'),
('GJT','Grand Junction','CO'),
('LAJ','La Junta','CO'),
('LMR','Lamar','CO'),
('TRI','Trinidad','CO'),
('WPR','Winter Park','CO'),
('BER','Berlin','CO'),
('BRP','Bridgeport','CT'),
('HFD','Hartford','CT'),
('MDN','Meriden','CT'),
('MYS','Mystic','CT'),
('NHV','New Haven','CT'),
('STS','New Haven','CT'),
('NLC','New London','CT'),
('OSB','Old Saybrook','CT'),
('STM','Stamford','CT'),
('WFD','Wallingford','CT'),
('WNL','Windsor Locks','CT'),
('WND','Windsor','CT'),
('NRK','Newark','CT'),
('WIL','Wilmington','DE'),
('WAS','Washington','DE'),
('DFB','Deerfield Beach','DC'),
('DLD','DeLand','FL'),
('DLB','Delray Beach','FL'),
('FTL','Fort Lauderdale','FL'),
('HOL','Hollywood','FL'),
('JAX','Jacksonville','FL'),
('KIS','Kissimmee','FL'),
('LKL','Lakeland','FL'),
('MIA','Miami','FL'),
('OKE','Okeechobee','FL'),
('ORL','Orlando','FL'),
('PAK','Palatka','FL'),
('SFA','Sanford','FL'),
('SBG','Sebring','FL'),
('TPA','Tampa','FL'),
('WPB','West Palm Beach','FL'),
('WTH','Winter Haven','FL'),
('WPK','Winter Park','FL'),
('ATL','Atlanta','FL'),
('GNS','Gainesville','GA'),
('JSP','Jesup','GA'),
('SAV','Savannah','GA'),
('TCA','Toccoa','GA'),
('SPT','Sandpoint','GA'),
('ALN','Alton','ID'),
('BNL','Bloomington-Normal','IL'),
('CDL','Carbondale','IL'),
('CRV','Carlinville','IL'),
('CEN','Centralia','IL'),
('CHM','Champaign – Urbana','IL'),
('CHI','Chicago','IL'),
('DQN','Du Quoin','IL'),
('DWT','Dwight','IL'),
('EFG','Effingham','IL'),
('GBB','Galesburg','IL'),
('GLM','Gilman','IL'),
('GLN','Glenview','IL'),
('HMW','Homewood','IL'),
('JOL','Joliet','IL'),
('KKI','Kankakee','IL'),
('KEE','Kewanee','IL'),
('LAG','La Grange','IL'),
('LCN','Lincoln','IL'),
('MAC','Macomb','IL'),
('MAT','Mattoon','IL'),
('MDT','Mendota','IL'),
('NPV','Naperville','IL'),
('PLO','Plano','IL'),
('PON','Pontiac','IL'),
('PCT','Princeton','IL'),
('QCY','Quincy','IL'),
('RTL','Rantoul','IL'),
('SPI','Springfield','IL'),
('SMT','Summit','IL'),
('COI','Connersville','IL'),
('CRF','Crawfordsville','IN'),
('DYE','Dyer','IN'),
('EKH','Elkhart','IN'),
('HMI','Hammond-Whiting','IN'),
('IND','Indianapolis','IN'),
('LAF','Lafayette','IN'),
('REN','Rensselaer','IN'),
('SOB','South Bend','IN'),
('WTI','Waterloo','IN'),
('BRL','Burlington','IN'),
('CRN','Creston','IA'),
('FMD','Fort Madison','IA'),
('MTP','Mount Pleasant','IA'),
('OSC','Osceola','IA'),
('OTM','Ottumwa','IA'),
('DDG','Dodge City','IA'),
('GCK','Garden City','KS'),
('HUT','Hutchinson','KS'),
('LRC','Lawrence','KS'),
('NEW','Newton','KS'),
('TOP','Topeka','KS'),
('AKY','Ashland','KS'),
('FTN','Fulton','KY'),
('MAY','Maysville','KY'),
('SPM','South Shore','KY'),
('HMD','Hammond','KY'),
('LFT','Lafayette','LA'),
('LCH','Lake Charles','LA'),
('NIB','New Iberia','LA'),
('NOL','New Orleans','LA'),
('SCH','Schriever','LA'),
('SDL','Slidell','LA'),
('BRK','Brunswick','LA'),
('FRE','Freeport','ME'),
('ORB','Old Orchard Beach','ME'),
('POR','Portland','ME'),
('SAO','Saco','ME'),
('WEM','Wells','ME'),
('ABE','Aberdeen','ME'),
('BAL','Baltimore','MD'),
('BWI','Baltimore','MD'),
('CUM','Cumberland','MD'),
('NCR','New Carrollton','MD'),
('RKV','Rockville','MD'),
('BBY','Boston','MD'),
('BON','Boston','MA'),
('BOS','Boston','MA'),
('FRA','Framingham','MA'),
('GFD','Greenfield','MA'),
('HHL','Haverhill','MA'),
('HLK','Holyoke','MA'),
('NHT','Northampton','MA'),
('PIT','Pittsfield','MA'),
('RTE','Route 128','MA'),
('SPG','Springfield','MA'),
('WOB','Woburn','MA'),
('WOR','Worcester','MA'),
('ALI','Albion','MA'),
('ARB','Ann Arbor','MI'),
('BAM','Bangor','MI'),
('BTL','Battle Creek','MI'),
('DER','Dearborn','MI'),
('DET','Detroit','MI'),
('DOA','Dowagiac','MI'),
('DRD','Durand','MI'),
('LNS','East Lansing','MI'),
('FLN','Flint','MI'),
('GRR','Grand Rapids','MI'),
('HOM','Holland','MI'),
('JXN','Jackson','MI'),
('KAL','Kalamazoo','MI'),
('LPE','Lapeer','MI'),
('NBU','New Buffalo','MI'),
('NLS','Niles','MI'),
('PNT','Pontiac','MI'),
('PTH','Port Huron','MI'),
('ROY','Royal Oak','MI'),
('SJM','St. Joseph-Benton Harbor','MI'),
('TRM','Troy','MI'),
('DLK','Detroit Lakes','MI'),
('RDW','Red Wing','MN'),
('SCD','St. Cloud','MN'),
('MSP','St. Paul-Minneapolis','MN'),
('SPL','Staples','MN'),
('WIN','Winona','MN'),
('BRH','Brookhaven','MN'),
('GWD','Greenwood','MS'),
('HBG','Hattiesburg','MS'),
('HAZ','Hazlehurst','MS'),
('JAN','Jackson','MS'),
('LAU','Laurel','MS'),
('MKS','Marks','MS'),
('MCB','McComb','MS'),
('MEI','Meridian','MS'),
('PIC','Picayune','MS'),
('YAZ','Yazoo City','MS'),
('ACD','Arcadia','MS'),
('HEM','Hermann','MO'),
('IDP','Independence','MO'),
('JEF','Jefferson City','MO'),
('KCY','Kansas City','MO'),
('KWD','Kirkwood','MO'),
('LAP','La Plata','MO'),
('LEE','Lee’s Summit','MO'),
('PBF','Poplar Bluff','MO'),
('SED','Sedalia','MO'),
('STL','St. Louis','MO'),
('WAR','Warrensburg','MO'),
('WAH','Washington','MO'),
('BRO','Browning','MO'),
('CUT','Cut Bank','MT'),
('GPK','East Glacier Park','MT'),
('ESM','Essex','MT'),
('GGW','Glasgow','MT'),
('HAV','Havre','MT'),
('LIB','Libby','MT'),
('MAL','Malta','MT'),
('SBY','Shelby','MT'),
('WGL','West Glacier','MT'),
('WFH','Whitefish','MT'),
('WPT','Wolf Point','MT'),
('HAS','Hastings','MT'),
('HLD','Holdrege','NE'),
('LNK','Lincoln','NE'),
('MCK','McCook','NE'),
('OMA','Omaha','NE'),
('ELK','Elko','NE'),
('RNO','Reno','NV'),
('WNN','Winnemucca','NV'),
('CLA','Claremont','NV'),
('DOV','Dover','NH'),
('DHM','Durham','NH'),
('EXR','Exeter','NH'),
('MET','Metropark','NH'),
('NBK','New Brunswick','NJ'),
('EWR','Newark','NJ'),
('NWK','Newark','NJ'),
('PJC','Princeton Junction','NJ'),
('TRE','Trenton','NJ'),
('ABQ','Albuquerque','NJ'),
('DEM','Deming','NM'),
('GLP','Gallup','NM'),
('LMY','Lamy','NM'),
('LSV','Las Vegas','NM'),
('LDB','Lordsburg','NM'),
('RAT','Raton','NM'),
('ALB','Albany-Rensselaer','NM'),
('AMS','Amsterdam','NY'),
('BFX','Buffalo','NY'),
('BUF','Buffalo','NY'),
('CRT','Croton-Harmon','NY'),
('FED','Fort Edward','NY'),
('HUD','Hudson','NY'),
('NRO','New Rochelle','NY'),
('NYP','New York','NY'),
('NFL','Niagara Falls','NY'),
('PLB','Plattsburgh','NY'),
('POH','Port Henry','NY'),
('PRK','Port Kent','NY'),
('POU','Poughkeepsie','NY'),
('RHI','Rhinecliff','NY'),
('ROC','Rochester','NY'),
('ROM','Rome','NY'),
('RSP','Rouses Point','NY'),
('SAR','Saratoga Springs','NY'),
('SDY','Schenectady','NY'),
('SYR','Syracuse','NY'),
('FTC','Ticonderoga','NY'),
('UCA','Utica','NY'),
('WSP','Westport','NY'),
('WHL','Whitehall','NY'),
('YNY','Yonkers','NY'),
('BNC','Burlington','NY'),
('CYN','Cary','NC'),
('CLT','Charlotte','NC'),
('DNC','Durham','NC'),
('FAY','Fayetteville','NC'),
('GAS','Gastonia','NC'),
('GRO','Greensboro','NC'),
('HAM','Hamlet','NC'),
('HPT','High Point','NC'),
('KAN','Kannapolis','NC'),
('RGH','Raleigh','NC'),
('RMT','Rocky Mount','NC'),
('SAL','Salisbury','NC'),
('SSM','Selma-Smithfield','NC'),
('SOP','Southern Pines','NC'),
('WLN','Wilson','NC'),
('DVL','Devils Lake','NC'),
('FAR','Fargo','ND'),
('GFK','Grand Forks','ND'),
('MOT','Minot','ND'),
('RUG','Rugby','ND'),
('STN','Stanley','ND'),
('WTN','Williston','ND'),
('ALC','Alliance','ND'),
('BYN','Bryan','OH'),
('CIN','Cincinnati','OH'),
('CLE','Cleveland','OH'),
('ELY','Elyria','OH'),
('SKY','Sandusky','OH'),
('TOL','Toledo','OH'),
('ADM','Ardmore','OH'),
('NOR','Norman','OK'),
('OKC','Oklahoma City','OK'),
('PVL','Pauls Valley','OK'),
('PUR','Purcell','OK'),
('NFS','Niagara Falls','OK'),
('ALY','Albany','ON'),
('CMO','Chemult','OR'),
('EUG','Eugene','OR'),
('KFS','Klamath Falls','OR'),
('ORC','Oregon City','OR'),
('PDX','Portland','OR'),
('SLM','Salem','OR'),
('ALT','Altoona','OR'),
('ARD','Ardmore','PA'),
('COT','Coatesville','PA'),
('COV','Connellsville','PA'),
('CWH','Cornwells Heights','PA'),
('DOW','Downingtown','PA'),
('ELT','Elizabethtown','PA'),
('ERI','Erie','PA'),
('EXT','Exton','PA'),
('GNB','Greensburg','PA'),
('HAR','Harrisburg','PA'),
('HGD','Huntingdon','PA'),
('JST','Johnstown','PA'),
('LNC','Lancaster','PA'),
('LAB','Latrobe','PA'),
('LEW','Lewistown','PA'),
('MID','Middletown','PA'),
('MJY','Mount Joy','PA'),
('PHN','North Philadelphia','PA'),
('PAO','Paoli','PA'),
('PAR','Parkesburg','PA'),
('PHL','Philadelphia','PA'),
('PGH','Pittsburgh','PA'),
('TYR','Tyrone','PA'),
('MTR','Montreal','PA'),
('SLQ','St-Lambert','QC'),
('KIN','Kingston','QC'),
('PVD','Providence','RI'),
('WLY','Westerly','RI'),
('CAM','Camden','RI'),
('CHS','Charleston','SC'),
('CSN','Clemson','SC'),
('CLB','Columbia','SC'),
('DNK','Denmark','SC'),
('DIL','Dillon','SC'),
('FLO','Florence','SC'),
('GRV','Greenville','SC'),
('KTR','Kingstree','SC'),
('SPB','Spartanburg','SC'),
('YEM','Yemassee','SC'),
('MEM','Memphis','SC'),
('NBN','Newbern – Dyersburg','TN'),
('ALP','Alpine','TN'),
('AUS','Austin','TX'),
('BMT','Beaumont','TX'),
('CBR','Cleburne','TX'),
('DAL','Dallas','TX'),
('DRT','Del Rio','TX'),
('ELP','El Paso','TX'),
('FTW','Fort Worth','TX'),
('GLE','Gainesville','TX'),
('HOS','Houston','TX'),
('LVW','Longview','TX'),
('MHL','Marshall','TX'),
('MCG','McGregor','TX'),
('MIN','Mineola','TX'),
('SAS','San Antonio','TX'),
('SMC','San Marcos','TX'),
('SND','Sanderson','TX'),
('TAY','Taylor','TX'),
('TPL','Temple','TX'),
('GRI','Green River','TX'),
('HER','Helper','UT'),
('PRO','Provo','UT'),
('SLC','Salt Lake City','UT'),
('BLF','Bellows Falls','UT'),
('BRA','Brattleboro','VT'),
('BTN','Burlington','VT'),
('CNV','Castleton','VT'),
('ESX','Essex Junction-Burlington','VT'),
('VRN','Ferrisburgh-Vergennes','VT'),
('MBY','Middlebury','VT'),
('MPR','Montpelier-Berlin','VT'),
('RPH','Randolph','VT'),
('RUD','Rutland','VT'),
('SAB','St. Albans','VT'),
('WAB','Waterbury-Stowe','VT'),
('WRJ','White River Junction','VT'),
('WNM','Windsor-Mt. Ascutney','VT'),
('ALX','Alexandria','VT'),
('ASD','Ashland','VA'),
('BCV','Burke Centre','VA'),
('CVS','Charlottesville','VA'),
('CLF','Clifton Forge','VA'),
('CLP','Culpeper','VA'),
('DAN','Danville','VA'),
('FBG','Fredericksburg','VA'),
('LOR','Lorton','VA'),
('LYH','Lynchburg','VA'),
('MSS','Manassas','VA'),
('NPN','Newport News','VA'),
('NFK','Norfolk','VA'),
('PTB','Petersburg','VA'),
('QAN','Quantico','VA'),
('RVM','Richmond','VA'),
('RVR','Richmond','VA'),
('RNK','Roanoke','VA'),
('STA','Staunton','VA'),
('WBG','Williamsburg','VA'),
('WDB','Woodbridge','VA'),
('BEL','Bellingham','VA'),
('BNG','Bingen-White Salmon','WA'),
('CTL','Centralia','WA'),
('EDM','Edmonds','WA'),
('EPH','Ephrata','WA'),
('EVR','Everett','WA'),
('KEL','Kelso-Longview','WA'),
('LWA','Leavenworth','WA'),
('MVW','Mount Vernon','WA'),
('OLW','Olympia-Lacey','WA'),
('PSC','Pasco','WA'),
('SEA','Seattle','WA'),
('SPK','Spokane','WA'),
('STW','Stanwood','WA'),
('TAC','Tacoma','WA'),
('TUK','Tukwila','WA'),
('VAN','Vancouver','WA'),
('WEN','Wenatchee','WA'),
('WIH','Wishram','WA'),
('ALD','Alderson','WA'),
('CHW','Charleston','WV'),
('HFY','Harpers Ferry','WV'),
('HIN','Hinton','WV'),
('HUN','Huntington','WV'),
('MRB','Martinsburg','WV'),
('MNG','Montgomery','WV'),
('PRC','Prince','WV'),
('THN','Thurmond','WV'),
('WSS','White Sulphur Springs','WV'),
('CBS','Columbus','WV'),
('LSE','La Crosse','WI'),
('MKA','Milwaukee','WI'),
('MKE','Milwaukee-Airport','WI'),
('POG','Portage','WI'),
('SVT','Sturtevant','WI'),
('TOH','Tomah','WI'),
('WDL','Wisconsin Dells','WI'),
('TUS','Tucson ','AZ'),
('CNL','Col. Allensworth Park','CA'),
('NAP','Napa','CA'),
('PTC','Petaluma','CA'),
('PCV','Placerville','CA'),
('RPC','Rohnert Park','CA'),
('SFC','San Francisco','CA'),
('SRC','Santa Rosa','CA'),
('SLV','Solvang','CA'),
('SLT','South Lake Tahoe','CA'),
('VAL','Vallejo','FL'),
('LAK','Lakeland ','FL'),
('MCI','Michigan City','IN'),
('NYF','New York State Fair','NY'),
('NSF','North Carolina State Fair ','NC')


--Route
CREATE TABLE [OnTrack.Route](
	routeID CHAR(4) NOT NULL,
	trainRoute VARCHAR(40),
	routeType VARCHAR(30), 
	routeFrequency INTEGER, 
	routeStartStation VARCHAR(30), 
	routeEndStation VARCHAR(30), 
	CONSTRAINT pk_Route_routeID PRIMARY KEY (routeID))

INSERT INTO [OnTrack.Route] VALUES
('R001','Crescent','Long Distance',7,'New York','New Orleans'),
('R002','Southwest Chief','Long Distance',7,'Los Angeles','Chicago'),
('R003','Texas Eagle','Long Distance',3,'Chicago','San Antonio'),
('R004','Texas Eagle','Long Distance',3,'Chicago','San Antonio '),
('R005','California Zephyr','Long Distance',7,'San Francisco Bay Area','Chicago'),
('R006','Coast Starlight','Long Distance',7,'Los Angeles','Seattle'),
('R007','Southwest Chief','Long Distance',7,'Los Angeles','Chicago'),
('R008','Texas Eagle','Long Distance',3,'Chicago','San Antonio  '),
('R009','California Zephyr','Long Distance',7,'San Francisco Bay Area','Chicago'),
('R010','Southwest Chief','Long Distance',7,'Los Angeles','Chicago'),
('R011','Hartford Line','State Supported',7,'New Haven','Springfield'),
('R012','Valley Flyer','State Supported',7,'New Haven','Greenfield'),
('R013','Vermonter','State Supported',7,'Washington','St. Albans'),
('R014','Acela','Northeast Corridor',7,'Washington','Boston'),
('R015','Northeast Regional','Northeast Corridor',7,'Richmond','Boston'),
('R016','Capitol Limited','Long Distance',7,'Chicago','Washington'),
('R017','Crescent','Long Distance',7,'New York','New Orleans'),
('R018','Palmetto','Long Distance',7,'New York','Savannah'),
('R019','Silver Meteor','Long Distance',7,'New York','Miami'),
('R020','Silver Star','Long Distance',7,'New York','Miami'),
('R021','Carolinian','State Supported',7,'New York','Charlotte'),
('R022','Vermonter','State Supported',7,'Washington','St. Albans'),
('R023','Acela','Northeast Corridor',7,'Washington','Boston'),
('R024','Northeast Regional','Northeast Corridor',7,'Richmond','Boston'),
('R025','Crescent','Long Distance',7,'New York','New Orleans'),
('R026','Palmetto','Long Distance',7,'New York','Savannah'),
('R027','Silver Meteor','Long Distance',7,'New York','Miami'),
('R028','Silver Star','Long Distance',7,'New York','Miami'),
('R029','Carolinian','State Supported',7,'New York','Charlotte'),
('R030','Vermonter','State Supported',7,'Washington','St. Albans'),
('R031','Acela','Northeast Corridor',7,'Washington','Boston'),
('R032','Northeast Regional','Northeast Corridor',7,'Richmond','Boston'),
('R033','Auto Train','Long Distance',7,'Lorton','Sanford'),
('R034','Silver Meteor','Long Distance',7,'New York','Miami'),
('R035','Silver Star','Long Distance',7,'New York','Miami'),
('R036','Crescent','Long Distance',7,'New York','New Orleans'),
('R037','Palmetto','Long Distance',7,'New York','Savannah'),
('R038','Silver Meteor','Long Distance',7,'New York','Miami'),
('R039','Silver Star','Long Distance',7,'New York','Miami'),
('R040','Empire Builder','Long Distance',7,'Chicago','SeaZle/Portland'),
('R041','California Zephyr','Long Distance',7,'San Francisco Bay Area','Chicago'),
('R042','Capitol Limited','Long Distance',7,'Chicago','Washington'),
('R043','City of New Orleans','Long Distance',7,'Chicago','New Orleans'),
('R044','Empire Builder','Long Distance',7,'Chicago','SeaZle/Portland'),
('R045','Lake Shore Limited','Long Distance',7,'Chicago','Boston/New York'),
('R046','Southwest Chief','Long Distance',7,'Los Angeles','Chicago'),
('R047','Texas Eagle','Long Distance',3,'Chicago','San Antonio  '),
('R048','Blue Water','State Supported',7,'Chicago','Port Huron'),
('R049','Pere Marquette','State Supported',7,'Chicago','Grand Rapids'),
('R050','Capitol Limited','Long Distance',7,'Chicago','Washington'),
('R051','California Zephyr','Long Distance',7,'San Francisco Bay Area','Chicago'),
('R052','Southwest Chief','Long Distance',7,'Los Angeles','Chicago'),
('R053','Southwest Chief','Long Distance',7,'Los Angeles','Chicago'),
('R054','City of New Orleans','Long Distance',7,'Chicago','New Orleans'),
('R055','City of New Orleans','Long Distance',7,'Chicago','New Orleans'),
('R056','Crescent','Long Distance',7,'New York','New Orleans'),
('R057','Capitol Limited','Long Distance',7,'Chicago','Washington'),
('R058','Palmetto','Long Distance',7,'New York','Savannah'),
('R059','Silver Meteor','Long Distance',7,'New York','Miami'),
('R060','Silver Star','Long Distance',7,'New York','Miami'),
('R061','Carolinian','State Supported',7,'New York','Charlotte'),
('R062','Vermonter','State Supported',7,'Washington','St. Albans'),
('R063','Acela','Northeast Corridor',7,'Washington','Boston'),
('R064','Northeast Regional','Northeast Corridor',7,'Richmond','Boston'),
('R065','Lake Shore Limited','Long Distance',7,'Chicago','Boston/New York'),
('R066','Hartford Line','State Supported',7,'New Haven','Springfield'),
('R067','Valley Flyer','State Supported',7,'New Haven','Greenfield'),
('R068','Vermonter','State Supported',7,'Washington','St. Albans'),
('R069','Acela','Northeast Corridor',7,'Washington','Boston'),
('R070','Northeast Regional','Northeast Corridor',7,'Richmond','Boston'),
('R071','Blue Water','State Supported',7,'Chicago','Port Huron'),
('R072','Pere Marquette','State Supported',7,'Chicago','Grand Rapids'),
('R073','Empire Builder','Long Distance',7,'Chicago','SeaZle/Portland'),
('R074','City of New Orleans','Long Distance',7,'Chicago','New Orleans'),
('R075','Crescent','Long Distance',7,'New York','New Orleans'),
('R076','Texas Eagle','Long Distance',3,'Chicago','San Antonio  '),
('R077','Southwest Chief','Long Distance',7,'Los Angeles','Chicago'),
('R078','Empire Builder','Long Distance',7,'Chicago','SeaZle/Portland'),
('R079','California Zephyr','Long Distance',7,'San Francisco Bay Area','Chicago'),
('R080','California Zephyr','Long Distance',7,'San Francisco Bay Area','Chicago'),
('R081','Vermonter','State Supported',7,'Washington','St. Albans'),
('R082','Crescent','Long Distance',7,'New York','New Orleans'),
('R083','Palmetto','Long Distance',7,'New York','Savannah'),
('R084','Silver Meteor','Long Distance',7,'New York','Miami'),
('R085','Silver Star','Long Distance',7,'New York','Miami'),
('R086','Carolinian','State Supported',7,'New York','Charlotte'),
('R087','Pennsylvanian','State Supported',7,'New York','Pittsburgh'),
('R088','Vermonter','State Supported',7,'Washington','St. Albans'),
('R089','Acela','Northeast Corridor',7,'Washington','Boston'),
('R090','Northeast Regional','Northeast Corridor',7,'Richmond','Boston'),
('R091','Southwest Chief','Long Distance',7,'Los Angeles','Chicago'),
('R092','Texas Eagle','Long Distance',3,'Chicago','San Antonio  '),
('R093','Crescent','Long Distance',7,'New York','New Orleans'),
('R094','Lake Shore Limited','Long Distance',7,'Chicago','Boston/New York'),
('R095','Palmetto','Long Distance',7,'New York','Savannah'),
('R096','Silver Meteor','Long Distance',7,'New York','Miami'),
('R097','Silver Star','Long Distance',7,'New York','Miami'),
('R098','Carolinian','State Supported',7,'New York','Charlotte'),
('R099','Keystone','State Supported',7,'New York','Harrisburg'),
('R100','Maple Leaf','State Supported',7,'New York','Toronto'),
('R101','Pennsylvanian','State Supported',7,'New York','Pittsburgh'),
('R102','Vermonter','State Supported',7,'Washington','St. Albans'),
('R103','Acela','Northeast Corridor',7,'Washington','Boston'),
('R104','Northeast Regional','Northeast Corridor',7,'Richmond','Boston'),
('R105','Crescent','Long Distance',7,'New York','New Orleans'),
('R106','Palmetto','Long Distance',7,'New York','Savannah'),
('R107','Silver Meteor','Long Distance',7,'New York','Miami'),
('R108','Silver Star','Long Distance',7,'New York','Miami'),
('R109','Carolinian','State Supported',7,'New York','Charlotte'),
('R110','Empire Builder','Long Distance',7,'Chicago','SeaZle/Portland'),
('R111','Capitol Limited','Long Distance',7,'Chicago','Washington'),
('R112','Lake Shore Limited','Long Distance',7,'Chicago','Boston/New York'),
('R113','Heartland Flyer','State Supported',7,'Oklahoma City','Fort Worth'),
('R114','Coast Starlight','Long Distance',7,'Los Angeles','Seattle'),
('R115','Empire Builder','Long Distance',7,'Chicago','SeaZle/Portland'),
('R116','Capitol Limited','Long Distance',7,'Chicago','Washington'),
('R117','Crescent','Long Distance',7,'New York','New Orleans'),
('R118','Lake Shore Limited','Long Distance',7,'Chicago','Boston/New York'),
('R119','Palmetto','Long Distance',7,'New York','Savannah'),
('R120','Silver Meteor','Long Distance',7,'New York','Miami'),
('R121','Silver Star','Long Distance',7,'New York','Miami'),
('R122','Carolinian','State Supported',7,'New York','Charlotte'),
('R123','Keystone','State Supported',7,'New York','Harrisburg'),
('R124','Pennsylvanian','State Supported',7,'New York','Pittsburgh'),
('R125','Vermonter','State Supported',7,'Washington','St. Albans'),
('R126','Acela','Northeast Corridor',7,'Washington','Boston'),
('R127','Northeast Regional','Northeast Corridor',7,'Richmond','Boston'),
('R128','Acela','Northeast Corridor',7,'Washington','Boston'),
('R129','Northeast Regional','Northeast Corridor',7,'Richmond','Boston'),
('R130','Crescent','Long Distance',7,'New York','New Orleans'),
('R131','Palmetto','Long Distance',7,'New York','Savannah'),
('R132','Silver Meteor','Long Distance',7,'New York','Miami'),
('R133','Silver Star','Long Distance',7,'New York','Miami'),
('R134','City of New Orleans','Long Distance',7,'Chicago','New Orleans'),
('R135','Texas Eagle','Long Distance',3,'Chicago','San Antonio  '),
('R136','Heartland Flyer','State Supported',7,'Oklahoma City','Fort Worth'),
('R137','California Zephyr','Long Distance',7,'San Francisco Bay Area','Chicago'),
('R138','Vermonter','State Supported',7,'Washington','St. Albans'),
('R139','Auto Train','Long Distance',7,'Lorton','Sanford'),
('R140','Crescent','Long Distance',7,'New York','New Orleans'),
('R141','Palmetto','Long Distance',7,'New York','Savannah'),
('R142','Silver Meteor','Long Distance',7,'New York','Miami'),
('R143','Silver Star','Long Distance',7,'New York','Miami'),
('R144','Carolinian','State Supported',7,'New York','Charlotte'),
('R145','Northeast Regional','Northeast Corridor',7,'Richmond','Boston'),
('R146','Coast Starlight','Long Distance',7,'Los Angeles','Seattle'),
('R147','Empire Builder','Long Distance',7,'Chicago','SeaZle/Portland'),
('R148','Capitol Limited','Long Distance',7,'Chicago','Washington'),
('R149','Empire Builder','Long Distance',7,'Chicago','SeaZle/Portland'),
('R150','Cascades','State Supported',42,'Eugene','Portland'),
('R151','Downeaster','State Supported',35,'Boston','Portland'),
('R152','Downeaster','State Supported',35,'Boston','Portland'),
('R153','Downeaster','State Supported',35,'Boston','Portland'),
('R154','Lincoln','State Supported',28,'Chicago','St. Louis'),
('R155','Lincoln','State Supported',28,'Chicago','St. Louis'),
('R156','Hiawatha','State Supported',49,'Chicago','Milwaukee'),
('R157','Hiawatha','State Supported',49,'Chicago','Milwaukee'),
('R158','Ethan Allen Express','State Supported',21,'New York','Rutland'),
('R159','Piedmont','State Supported',21,'Raleigh','CharloZe'),
('R160','Ethan Allen Express','State Supported',21,'New York','Rutland'),
('R161','Wolverine','State Supported',21,'Chicago','PonIac'),
('R162','Wolverine','State Supported',21,'Chicago','PonIac'),
('R163','Wolverine','State Supported',21,'Chicago','PonIac'),
('R164','Sunset Limited','Long Distance',3,'Los Angeles','Orlando'),
('R165','Sunset Limited','Long Distance',3,'Los Angeles','Orlando'),
('R166','Cardinal','Long Distance',3,'New York','Chicago'),
('R167','Cardinal','Long Distance',3,'New York','Chicago'),
('R168','Cardinal','Long Distance',3,'New York','Chicago'),
('R169','Cardinal','Long Distance',3,'New York','Chicago'),
('R170','Cardinal','Long Distance',3,'New York','Chicago'),
('R171','Sunset Limited','Long Distance',3,'Los Angeles','Orlando'),
('R172','Cardinal','Long Distance',3,'New York','Chicago'),
('R173','Cardinal','Long Distance',3,'New York','Chicago'),
('R174','Sunset Limited','Long Distance',3,'Los Angeles','Orlando'),
('R175','Cardinal','Long Distance',3,'New York','Chicago'),
('R176','Cardinal','Long Distance',3,'New York','Chicago'),
('R177','Cardinal','Long Distance',3,'New York','Chicago'),
('R178','Sunset Limited','Long Distance',3,'Los Angeles','Orlando'),
('R179','Cardinal','Long Distance',3,'New York','Chicago'),
('R180','Cardinal','Long Distance',3,'New York','Chicago'),
('R181','Carl Sandburg / Illinois Zephyr','State Supported',14,',Chicago','Quincy'),
('R182','Illini / Saluki','State Supported',14,'Chicago','Carbondale'),
('R183','Missouri River Runner','State Supported',14,'St.Louis','Kansas City'),
('R184','Capitol Corridor','State Supported',7,'SanJose','Auburn'),
('R185','Pacific Surfliner','State Supported',70,'SanDiego','San Luis Obispo'),
('R186','San Joaquins','State Supported',49,'Oakland/Sacramento','Bakersfield'),
('R187','Empire (NYP-ALB)','State Supported',63,'New York','Niagara Falls'),
('R188','Empire (NYP-NFL)','State Supported',63,'New York','Niagara Falls'),
('R189','Cascades','State Supported',42,'Eugene','Vancouver, B.C.,')

-- Performance
CREATE TABLE [OnTrack.Performance](
	routeID CHAR(4) NOT NULL,
	performanceYear INTEGER NOT NULL,   --year datatype 
	onTimePerformance DECIMAL(3,1), 
	CONSTRAINT pk_Performance_routeID_performanceYear PRIMARY KEY (routeID, performanceYear),
	CONSTRAINT fk_Performance_routeID FOREIGN KEY (routeID) 
		REFERENCES  [OnTrack.Route] (routeID) 
		ON DELETE CASCADE ON UPDATE CASCADE)

INSERT INTO [OnTrack.Performance] VALUES
('R001',2021,54.6),('R001',2022,53),('R001',2023,57),
('R002',2021,36.3),('R002',2022,28),('R002',2023,34),
('R003',2021,52),('R003',2022,49),('R003',2023,60),
('R004',2021,52),('R004',2022,49),('R004',2023,60),
('R005',2021,37.6),('R005',2022,29),('R005',2023,33),
('R006',2021,56.8),('R006',2022,53),('R006',2023,58),
('R007',2021,36.3),('R007',2022,28),('R007',2023,34),
('R008',2021,52),('R008',2022,49),('R008',2023,60),
('R009',2021,37.6),('R009',2022,29),('R009',2023,33),
('R010',2021,36.3),('R010',2022,28),('R010',2023,34),
('R011',2021,90.4),('R011',2022,88),('R011',2023,87),
('R012',2021,90.4),('R012',2022,88),('R012',2023,87),
('R013',2021,86.7),('R013',2022,81),('R013',2023,70),
('R014',2021,82.8),('R014',2022,82),('R014',2023,81),
('R015',2021,87.6),('R015',2022,84),('R015',2023,82),
('R016',2021,28.7),('R016',2022,32),('R016',2023,70),
('R017',2021,54.6),('R017',2022,53),('R017',2023,57),
('R018',2021,60.7),('R018',2022,68),('R018',2023,67),
('R019',2021,55),('R019',2022,44),('R019',2023,53),
('R020',2021,44.6),('R020',2022,26),('R020',2023,49),
('R021',2021,69.2),('R021',2022,62),('R021',2023,61),
('R022',2021,86.7),('R022',2022,81),('R022',2023,70),
('R023',2021,82.8),('R023',2022,82),('R023',2023,81),
('R024',2021,87.6),('R024',2022,84),('R024',2023,82),
('R025',2021,54.6),('R025',2022,53),('R025',2023,57),
('R026',2021,60.7),('R026',2022,68),('R026',2023,67),
('R027',2021,55),('R027',2022,44),('R027',2023,53),
('R028',2021,44.6),('R028',2022,26),('R028',2023,49),
('R029',2021,69.2),('R029',2022,62),('R029',2023,61),
('R030',2021,86.7),('R030',2022,81),('R030',2023,70),
('R031',2021,82.8),('R031',2022,82),('R031',2023,81),
('R032',2021,87.6),('R032',2022,84),('R032',2023,82),
('R033',2021,56),('R033',2022,36),('R033',2023,66),
('R034',2021,55),('R034',2022,44),('R034',2023,53),
('R035',2021,44.6),('R035',2022,26),('R035',2023,49),
('R036',2021,54.6),('R036',2022,53),('R036',2023,57),
('R037',2021,60.7),('R037',2022,68),('R037',2023,67),
('R038',2021,55),('R038',2022,44),('R038',2023,53),
('R039',2021,44.6),('R039',2022,26),('R039',2023,49),
('R040',2021,59.3),('R040',2022,48),('R040',2023,51),
('R041',2021,37.6),('R041',2022,29),('R041',2023,33),
('R042',2021,28.7),('R042',2022,32),('R042',2023,70),
('R043',2021,85),('R043',2022,60),('R043',2023,75),
('R044',2021,59.3),('R044',2022,48),('R044',2023,51),
('R045',2021,55.1),('R045',2022,59),('R045',2023,69),
('R046',2021,36.3),('R046',2022,28),('R046',2023,34),
('R047',2021,52),('R047',2022,49),('R047',2023,60),
('R048',2021,68.5),('R048',2022,66),('R048',2023,66),
('R049',2021,75.7),('R049',2022,73),('R049',2023,87),
('R050',2021,28.7),('R050',2022,32),('R050',2023,70),
('R051',2021,37.6),('R051',2022,29),('R051',2023,33),
('R052',2021,36.3),('R052',2022,28),('R052',2023,34),
('R053',2021,36.3),('R053',2022,28),('R053',2023,34),
('R054',2021,85),('R054',2022,60),('R054',2023,75),
('R055',2021,85),('R055',2022,60),('R055',2023,75),
('R056',2021,54.6),('R056',2022,53),('R056',2023,57),
('R057',2021,28.7),('R057',2022,32),('R057',2023,70),
('R058',2021,60.7),('R058',2022,68),('R058',2023,67),
('R059',2021,55),('R059',2022,44),('R059',2023,53),
('R060',2021,44.6),('R060',2022,26),('R060',2023,49),
('R061',2021,69.2),('R061',2022,62),('R061',2023,61),
('R062',2021,86.7),('R062',2022,81),('R062',2023,70),
('R063',2021,82.8),('R063',2022,82),('R063',2023,81),
('R064',2021,87.6),('R064',2022,84),('R064',2023,82),
('R065',2021,55.1),('R065',2022,59),('R065',2023,69),
('R066',2021,90.4),('R066',2022,88),('R066',2023,87),
('R067',2021,90.4),('R067',2022,88),('R067',2023,87),
('R068',2021,86.7),('R068',2022,81),('R068',2023,70),
('R069',2021,82.8),('R069',2022,82),('R069',2023,81),
('R070',2021,87.6),('R070',2022,84),('R070',2023,82),
('R071',2021,68.5),('R071',2022,66),('R071',2023,66),
('R072',2021,75.7),('R072',2022,73),('R072',2023,87),
('R073',2021,59.3),('R073',2022,48),('R073',2023,51),
('R074',2021,85),('R074',2022,60),('R074',2023,75),
('R075',2021,54.6),('R075',2022,53),('R075',2023,57),
('R076',2021,52),('R076',2022,49),('R076',2023,60),
('R077',2021,36.3),('R077',2022,28),('R077',2023,34),
('R078',2021,59.3),('R078',2022,48),('R078',2023,51),
('R079',2021,37.6),('R079',2022,29),('R079',2023,33),
('R080',2021,37.6),('R080',2022,29),('R080',2023,33),
('R081',2021,86.7),('R081',2022,81),('R081',2023,70),
('R082',2021,54.6),('R082',2022,53),('R082',2023,57),
('R083',2021,60.7),('R083',2022,68),('R083',2023,67),
('R084',2021,55),('R084',2022,44),('R084',2023,53),
('R085',2021,44.6),('R085',2022,26),('R085',2023,49),
('R086',2021,69.2),('R086',2022,62),('R086',2023,61),
('R087',2021,72.2),('R087',2022,68),('R087',2023,79),
('R088',2021,86.7),('R088',2022,81),('R088',2023,70),
('R089',2021,82.8),('R089',2022,82),('R089',2023,81),
('R090',2021,87.6),('R090',2022,84),('R090',2023,82),
('R091',2021,36.3),('R091',2022,28),('R091',2023,34),
('R092',2021,52),('R092',2022,49),('R092',2023,60),
('R093',2021,54.6),('R093',2022,53),('R093',2023,57),
('R094',2021,55.1),('R094',2022,59),('R094',2023,69),
('R095',2021,60.7),('R095',2022,68),('R095',2023,67),
('R096',2021,55),('R096',2022,44),('R096',2023,53),
('R097',2021,44.6),('R097',2022,26),('R097',2023,49),
('R098',2021,69.2),('R098',2022,62),('R098',2023,61),
('R099',2021,93.1),('R099',2022,95),('R099',2023,95),
('R100',2021,84.6),('R100',2022,80),('R100',2023,73),
('R101',2021,72.2),('R101',2022,68),('R101',2023,79),
('R102',2021,86.7),('R102',2022,81),('R102',2023,70),
('R103',2021,82.8),('R103',2022,82),('R103',2023,81),
('R104',2021,87.6),('R104',2022,84),('R104',2023,82),
('R105',2021,54.6),('R105',2022,53),('R105',2023,57),
('R106',2021,60.7),('R106',2022,68),('R106',2023,67),
('R107',2021,55),('R107',2022,44),('R107',2023,53),
('R108',2021,44.6),('R108',2022,26),('R108',2023,49),
('R109',2021,69.2),('R109',2022,62),('R109',2023,61),
('R110',2021,59.3),('R110',2022,48),('R110',2023,51),
('R111',2021,28.7),('R111',2022,32),('R111',2023,70),
('R112',2021,55.1),('R112',2022,59),('R112',2023,69),
('R113',2021,67.6),('R113',2022,62),('R113',2023,64),
('R114',2021,56.8),('R114',2022,53),('R114',2023,58),
('R115',2021,59.3),('R115',2022,48),('R115',2023,51),
('R116',2021,28.7),('R116',2022,32),('R116',2023,70),
('R117',2021,54.6),('R117',2022,53),('R117',2023,57),
('R118',2021,55.1),('R118',2022,59),('R118',2023,69),
('R119',2021,60.7),('R119',2022,68),('R119',2023,67),
('R120',2021,55),('R120',2022,44),('R120',2023,53),
('R121',2021,44.6),('R121',2022,26),('R121',2023,49),
('R122',2021,69.2),('R122',2022,62),('R122',2023,61),
('R123',2021,93.1),('R123',2022,95),('R123',2023,95),
('R124',2021,72.2),('R124',2022,68),('R124',2023,79),
('R125',2021,86.7),('R125',2022,81),('R125',2023,70),
('R126',2021,82.8),('R126',2022,82),('R126',2023,81),
('R127',2021,87.6),('R127',2022,84),('R127',2023,82),
('R128',2021,82.8),('R128',2022,82),('R128',2023,81),
('R129',2021,87.6),('R129',2022,84),('R129',2023,82),
('R130',2021,54.6),('R130',2022,53),('R130',2023,57),
('R131',2021,60.7),('R131',2022,68),('R131',2023,67),
('R132',2021,55),('R132',2022,44),('R132',2023,53),
('R133',2021,44.6),('R133',2022,26),('R133',2023,49),
('R134',2021,85),('R134',2022,60),('R134',2023,75),
('R135',2021,52),('R135',2022,49),('R135',2023,60),
('R136',2021,67.6),('R136',2022,62),('R136',2023,64),
('R137',2021,37.6),('R137',2022,29),('R137',2023,33),
('R138',2021,86.7),('R138',2022,81),('R138',2023,70),
('R139',2021,56),('R139',2022,36),('R139',2023,66),
('R140',2021,54.6),('R140',2022,53),('R140',2023,57),
('R141',2021,60.7),('R141',2022,68),('R141',2023,67),
('R142',2021,55),('R142',2022,44),('R142',2023,53),
('R143',2021,44.6),('R143',2022,26),('R143',2023,49),
('R144',2021,69.2),('R144',2022,62),('R144',2023,61),
('R145',2021,87.6),('R145',2022,84),('R145',2023,82),
('R146',2021,56.8),('R146',2022,53),('R146',2023,58),
('R147',2021,59.3),('R147',2022,48),('R147',2023,51),
('R148',2021,28.7),('R148',2022,32),('R148',2023,70),
('R149',2021,59.3),('R149',2022,48),('R149',2023,51),
('R150',2021,58.7),('R150',2022,56),('R150',2023,64),
('R151',2021,75.1),('R151',2022,82),('R151',2023,81),
('R152',2021,75.1),('R152',2022,82),('R152',2023,81),
('R153',2021,75.1),('R153',2022,82),('R153',2023,81),
('R154',2021,80.2),('R154',2022,72),('R154',2023,63),
('R155',2021,80.2),('R155',2022,72),('R155',2023,63),
('R156',2021,94.8),('R156',2022,94),('R156',2023,86),
('R157',2021,94.8),('R157',2022,94),('R157',2023,86),
('R158',2021,89.5),('R158',2022,83),('R158',2023,74),
('R159',2021,77.4),('R159',2022,75),('R159',2023,68),
('R160',2021,89.5),('R160',2022,83),('R160',2023,74),
('R161',2021,59.7),('R161',2022,62),('R161',2023,69),
('R162',2021,59.7),('R162',2022,62),('R162',2023,69),
('R163',2021,59.7),('R163',2022,62),('R163',2023,69),
('R164',2021,27.1),('R164',2022,21),('R164',2023,44),
('R165',2021,27.1),('R165',2022,21),('R165',2023,44),
('R166',2021,54.1),('R166',2022,48),('R166',2023,58),
('R167',2021,54.1),('R167',2022,48),('R167',2023,58),
('R168',2021,54.1),('R168',2022,48),('R168',2023,58),
('R169',2021,54.1),('R169',2022,48),('R169',2023,58),
('R170',2021,54.1),('R170',2022,48),('R170',2023,58),
('R171',2021,27.1),('R171',2022,21),('R171',2023,44),
('R172',2021,54.1),('R172',2022,48),('R172',2023,58),
('R173',2021,54.1),('R173',2022,48),('R173',2023,58),
('R174',2021,27.1),('R174',2022,21),('R174',2023,44),
('R175',2021,54.1),('R175',2022,48),('R175',2023,58),
('R176',2021,54.1),('R176',2022,48),('R176',2023,58),
('R177',2021,54.1),('R177',2022,48),('R177',2023,58),
('R178',2021,27.1),('R178',2022,21),('R178',2023,44),
('R179',2021,54.1),('R179',2022,48),('R179',2023,58),
('R180',2021,54.1),('R180',2022,48),('R180',2023,58),
('R181',2021,88.8),('R181',2022,80),('R181',2023,80),
('R182',2021,80.5),('R182',2022,56),('R182',2023,80),
('R183',2021,77.5),('R183',2022,60),('R183',2023,74),
('R184',2021,91.2),('R184',2022,85),('R184',2023,85),
('R185',2021,86.1),('R185',2022,80),('R185',2023,85),
('R186',2021,82.2),('R186',2022,74),('R186',2023,66),
('R187',2021,90.3),('R187',2022,90),('R187',2023,85),
('R188',2021,74.4),('R188',2022,79),('R188',2023,74),
('R189',2021,58.7),('R189',2022,56),('R189',2023,64)

--Map
CREATE TABLE [OnTrack.Map](
	routeID CHAR(4) NOT NULL,
	stateCode CHAR(2) NOT NULL,
	CONSTRAINT pk_Map_stateCode_routeID PRIMARY KEY (stateCode, routeID),
	CONSTRAINT fk_Map_stateCode FOREIGN KEY (stateCode) 
		REFERENCES  [OnTrack.State] (stateCode)
		ON DELETE NO ACTION ON UPDATE CASCADE,
	CONSTRAINT fk_Map_routeID FOREIGN KEY (routeID) 
		REFERENCES  [OnTrack.Route] (routeID) 
		ON DELETE NO ACTION ON UPDATE CASCADE)

INSERT INTO [OnTrack.Map] VALUES 
('R001','AL'),
('R002','AZ'),
('R003','AZ'),
('R004','AR'),
('R005','CA'),
('R006','CA'),
('R007','CA'),
('R008','CA'),
('R009','CO'),
('R010','CO'),
('R011','CT'),
('R012','CT'),
('R013','CT'),
('R014','CT'),
('R015','CT'),
('R016','DC'),
('R017','DC'),
('R018','DC'),
('R019','DC'),
('R020','DC'),
('R021','DC'),
('R022','DC'),
('R023','DC'),
('R024','DC'),
('R025','DE'),
('R026','DE'),
('R027','DE'),
('R028','DE'),
('R029','DE'),
('R030','DE'),
('R031','DE'),
('R032','DE'),
('R033','FL'),
('R034','FL'),
('R035','FL'),
('R036','GA'),
('R037','GA'),
('R038','GA'),
('R039','GA'),
('R040','ID'),
('R041','IL'),
('R042','IL'),
('R043','IL'),
('R044','IL'),
('R045','IL'),
('R046','IL'),
('R047','IL'),
('R048','IL'),
('R049','IL'),
('R050','IN'),
('R051','IA'),
('R052','IA'),
('R053','KS'),
('R054','KY'),
('R055','LA'),
('R056','LA'),
('R057','MD'),
('R058','MD'),
('R059','MD'),
('R060','MD'),
('R061','MD'),
('R062','MD'),
('R063','MD'),
('R064','MD'),
('R065','MA'),
('R066','MA'),
('R067','MA'),
('R068','MA'),
('R069','MA'),
('R070','MA'),
('R071','MI'),
('R072','MI'),
('R073','MN'),
('R074','MS'),
('R075','MS'),
('R076','MO'),
('R077','MO'),
('R078','MT'),
('R079','NE'),
('R080','NV'),
('R081','NH'),
('R082','NJ'),
('R083','NJ'),
('R084','NJ'),
('R085','NJ'),
('R086','NJ'),
('R087','NJ'),
('R088','NJ'),
('R089','NJ'),
('R090','NJ'),
('R091','NM'),
('R092','NM'),
('R093','NY'),
('R094','NY'),
('R095','NY'),
('R096','NY'),
('R097','NY'),
('R098','NY'),
('R099','NY'),
('R100','NY'),
('R101','NY'),
('R102','NY'),
('R103','NY'),
('R104','NY'),
('R105','NC'),
('R106','NC'),
('R107','NC'),
('R108','NC'),
('R109','NC'),
('R110','ND'),
('R111','OH'),
('R112','OH'),
('R113','OK'),
('R114','OR'),
('R115','OR'),
('R116','PA'),
('R117','PA'),
('R118','PA'),
('R119','PA'),
('R120','PA'),
('R121','PA'),
('R122','PA'),
('R123','PA'),
('R124','PA'),
('R125','PA'),
('R126','PA'),
('R127','PA'),
('R128','RI'),
('R129','RI'),
('R130','SC'),
('R131','SC'),
('R132','SC'),
('R133','SC'),
('R134','TN'),
('R135','TX'),
('R136','TX'),
('R137','UT'),
('R138','VT'),
('R139','VA'),
('R140','VA'),
('R141','VA'),
('R142','VA'),
('R143','VA'),
('R144','VA'),
('R145','VA'),
('R146','WA'),
('R147','WA'),
('R148','WV'),
('R149','WI'),
('R150','OR'),
('R151','ME'),
('R152','MA'),
('R153','NH'),
('R154','MO'),
('R155','IL'),
('R156','IL'),
('R157','WI'),
('R158','NY'),
('R159','NC'),
('R160','VT'),
('R161','MI'),
('R162','IL'),
('R163','IN'),
('R164','AZ'),
('R165','CA'),
('R166','DC'),
('R167','DE'),
('R168','IL'),
('R169','IN'),
('R170','KY'),
('R171','LA'),
('R172','MD'),
('R173','NJ'),
('R174','NM'),
('R175','NY'),
('R176','OH'),
('R177','PA'),
('R178','TX'),
('R179','VA'),
('R180','WV'),
('R181','IL'),
('R182','IL'),
('R183','MO'),
('R184','CA'),
('R185','CA'),
('R186','CA'),
('R187','NY'),
('R188','NY'),
('R189','WA')

--Employment
CREATE TABLE [OnTrack.Employment](
	stateCode CHAR(2) NOT NULL,
	employmentYear INTEGER  NOT NULL,
	employeeTotal INTEGER,
	employeeTotalWages INTEGER,
	CONSTRAINT pk_Employment_stateCode_employmentYear PRIMARY KEY (stateCode, employmentYear),
	CONSTRAINT fk_Employment_stationstateCode FOREIGN KEY (stateCode) 
		REFERENCES  [OnTrack.State] (stateCode) 
		ON DELETE CASCADE ON UPDATE CASCADE)


INSERT INTO [OnTrack.Employment] VALUES
('AL',2021,13,1292695),('AL',2022,15,1976833),('AL',2023,27,1983661),
('AZ',2021,12,1889753),('AZ',2022,15,1466911),('AZ',2023,28,2460877),
('AR',2021,26,2876205),('AR',2022,28,3183395),('AR',2023,31,2646581),
('CA',2021,1842,161770256),('CA',2022,1809,175959691),('CA',2023,2056,185233855),
('CO',2021,58,5733988),('CO',2022,65,7819320),('CO',2023,76,8674629),
('CT',2021,682,66324721),('CT',2022,747,75425136),('CT',2023,897,88290917),
('DC',2021,236,44992481),('DC',2022,251,31037614),('DC',2023,338,37823087),
('DE',2021,1004,91684576),('DE',2022,1072,106469998),('DE',2023,1331,125365808),
('FL',2021,594,52083356),('FL',2022,659,59233552),('FL',2023,763,67789558),
('GA',2021,66,8379702),('GA',2022,80,9973770),('GA',2023,89,11977363),
('ID',2021,3,436980),('ID',2022,3,396379),('ID',2023,3,309018),
('IL',2021,1126,95618435),('IL',2022,1166,109913335),('IL',2023,1435,116301608),
('IN',2021,685,54150675),('IN',2022,739,61023780),('IN',2023,850,70541475),
('IA',2021,7,656328),('IA',2022,10,1110805),('IA',2023,11,1238839),
('KS',2021,17,1418978),('KS',2022,17,1920396),('KS',2023,18,2047142),
('KY',2021,2,190341),('KY',2022,3,284740),('KY',2023,4,403717),
('LA',2021,191,15207547),('LA',2022,235,17514504),('LA',2023,283,21534305),
('ME',2021,42,3939839),('ME',2022,38,4605726),('ME',2023,42,4494044),
('MD',2021,2123,213125686),('MD',2022,2286,248144394),('MD',2023,2872,291578413),
('MA',2021,659,60032678),('MA',2022,707,68531986),('MA',2023,806 ,705069),
('MI',2021,183,17156051),('MI',2022,180,18993006),('MI',2023,215,21863795),
('MN',2021,29,3538247),('MN',2022,33,3314746),('MN',2023,41,4053592),
('MS',2021,52,5285853),('MS',2022,63,6133778),('MS',2023,71,6508971),
('MO',2021,77,7387917),('MO',2022,84,7728375),('MO',2023,94,9119800),
('MT',2021,43,4157004),('MT',2022,44,4403499),('MT',2023,48,4838326),
('NE',2021,18,1901502),('NE',2022,15,1601853),('NE',2023,13,1551611),
('NV',2021,25,2517964),('NV',2022,37,3220534),('NV',2023,38,3669653),
('NH',2021,38,3694087),('NH',2022,39,4573475),('NH',2023,43,4891314),
('NJ',2021,1541,158447491),('NJ',2022,1703,193723158),('NJ',2023,2152,234909619),
('NM',2021,48,4991008),('NM',2022,47,5791551),('NM',2023,55,5725400),
('NY',2021,1449,129777100),('NY',2022,1605,153239995),('NY',2023,2077,183541067),
('NC',2021,153,13698042),('NC',2022,150,15552483),('NC',2023,195,17687078),
('ND',2021,5,499560),('ND',2022,6,513037),('ND',2023,8,668562),
('OH',2021,54,5207156),('OH',2022,56,6358948),('OH',2023,63,6487707),
('OK',2021,1,39187),('OK',2022,4,341255),('OK',2023,4,474616),
('OR',2021,75,6233823),('OR',2022,64,5884488),('OR',2023,77,6316484),
('PA',2021,2489,247427137),('PA',2022,2691,282698508),('PA',2023,3297,332907944),
('RI',2021,302,28469682),('RI',2022,320,33043099),('RI',2023,346,36066309),
('SC',2021,53,5384516),('SC',2022,57,6229432),('SC',2023,73,7830267),
('TN',2021,10,1431118),('TN',2022,11,1120109),('TN',2023,21,2026160),
('TX',2021,153,16228269),('TX',2022,184,20834222),('TX',2023,207,22696705),
('UT',2021,40,4265053),('UT',2022,43,5057837),('UT',2023,48,5168465),
('VT',2021,2,160680),('VT',2022,2,112138),('VT',2023,2,161640),
('VA',2021,757,90759133),('VA',2022,799,103675801),('VA',2023,903,117315511),
('WA',2021,436,35265306),('WA',2022,421,37499390),('WA',2023,489,41056983),
('WV',2021,27,2839658),('WV',2022,28,2962742),('WV',2023,32,3080617),
('WI',2021,52,4648764),('WI',2022,54,0),('WI',2023,65,0)

--GuestRewards
CREATE TABLE [OnTrack.GuestRewards](
	stateCode CHAR(2) NOT NULL,
	guestRewardsYear INTEGER NOT NULL,
	guestRewardsTotal INTEGER,
	CONSTRAINT pk_GuestRewards_stateCode_guestRewardsYear PRIMARY KEY (stateCode, guestRewardsYear),
	CONSTRAINT fk_GuestRewards_stateCode FOREIGN KEY (stateCode) 
		REFERENCES  [OnTrack.State] (stateCode) 
		ON DELETE NO ACTION ON UPDATE CASCADE)

INSERT INTO [OnTrack.GuestRewards] VALUES
('AL',2021,36069),
('AL',2022,50452),
('AL',2023,58084),
('AZ',2021,75061),
('AZ',2022,93961),
('AZ',2023,105213),
('AR',2021,21101),
('AR',2022,26133),
('AR',2023,29331),
('CA',2021,1267668),
('CA',2022,1675724),
('CA',2023,1874607),
('CO',2021,85131),
('CO',2022,107905),
('CO',2023,121412),
('CT',2021,200665),
('CT',2022,254160),
('CT',2023,291690),
('DC',2021,168859),
('DC',2022,201075),
('DC',2023,228469),
('DE',2021,63160),
('DE',2022,76621),
('DE',2023,89281),
('FL',2021,402806),
('FL',2022,479421),
('FL',2023,542543),
('GA',2021,100365),
('GA',2022,124613),
('GA',2023,141254),
('ID',2021,14937),
('ID',2022,18750),
('ID',2023,21088),
('IL',2021,458090),
('IL',2022,599065),
('IL',2023,675297),
('IN',2021,72680),
('IN',2022,89683),
('IN',2023,98866),
('IA',2021,36583),
('IA',2022,44281),
('IA',2023,48441),
('KS',2021,43026),
('KS',2022,53932),
('KS',2023,59901),
('KY',2021,20363),
('KY',2022,25390),
('KY',2023,28394),
('LA',2021,45815),
('LA',2022,55374),
('LA',2023,61401),
('ME',2021,45876),
('ME',2022,61909),
('ME',2023,73602),
('MD',2021,400131),
('MD',2022,489332),
('MD',2023,564383),
('MA',2021,417868),
('MA',2022,528819),
('MA',2023,611166),
('MI',2021,241217),
('MI',2022,306759),
('MI',2023,343321),
('MN',2021,72963),
('MN',2022,88831),
('MN',2023,98659),
('MS',2021,32023),
('MS',2022,38792),
('MS',2023,43714),
('MO',2021,133217),
('MO',2022,172512),
('MO',2023,196325),
('MT',2021,24838),
('MT',2022,30508),
('MT',2023,33612),
('NE',2021,20399),
('NE',2022,25984),
('NE',2023,28866),
('NV',2021,38223),
('NV',2022,49045),
('NV',2023,55616),
('NH',2021,45532),
('NH',2022,58515),
('NH',2023,67519),
('NJ',2021,442318),
('NJ',2022,530073),
('NJ',2023,595028),
('NM',2021,32634),
('NM',2022,39428),
('NM',2023,43418),
('NY',2021,1107245),
('NY',2022,1386627),
('NY',2023,1577871),
('NC',2021,228376),
('NC',2022,294539),
('NC',2023,342181),
('ND',2021,20529),
('ND',2022,28962),
('ND',2023,28677),
('OH',2021,91683),
('OH',2022,113668),
('OH',2023,126097),
('OK',2021,33356),
('OK',2022,43445),
('OK',2023,49238),
('OR',2021,160219),
('OR',2022,200998),
('OR',2023,228222),
('PA',2021,559667),
('PA',2022,681334),
('PA',2023,775493),
('RI',2021,66655),
('RI',2022,86283),
('RI',2023,100696),
('SC',2021,77145),
('SC',2022,93551),
('SC',2023,105163),
('TN',2021,50366),
('TN',2022,63939),
('TN',2023,73120),
('TX',2021,225118),
('TX',2022,289169),
('TX',2023,329477),
('UT',2021,22634),
('UT',2022,29503),
('UT',2023,33521),
('VT',2021,24992),
('VT',2022,32142),
('VT',2023,37959),
('VA',2021,505729),
('VA',2022,634611),
('VA',2023,738062),
('WA',2021,259866),
('WA',2022,327519),
('WA',2023,370879),
('WV',2021,17360),
('WV',2022,21584),
('WV',2023,23924),
('WI',2021,125245),
('WI',2022,163856),
('WI',2023,186952)


--Ridership
CREATE TABLE [OnTrack.Ridership](
	stationCityCode CHAR(3) NOT NULL,
	riderYear INTEGER NOT NULL,
	ridersTotal INTEGER,
	CONSTRAINT pk_Ridership_stationCityCode_riderYear PRIMARY KEY (stationCityCode, riderYear),
	CONSTRAINT fk_Ridership_stationCityCode FOREIGN KEY (stationCityCode) 
		REFERENCES [OnTrack.StationCity] (stationCityCode) 
		ON DELETE CASCADE ON UPDATE CASCADE)

INSERT INTO [OnTrack.Ridership] VALUES
('ATN',2021,1948),
('ATN',2022,2486),
('ATN',2023,3459),
('BHM',2021,14935),
('BHM',2022,21211),
('BHM',2023,32738),
('TCL',2021,3720),
('TCL',2022,5389),
('TCL',2023,7973),
('BEN',2021,1224),
('BEN',2022,1743),
('BEN',2023,1763),
('FLG',2021,16693),
('FLG',2022,25499),
('FLG',2023,35227),
('KNG',2021,4567),
('KNG',2022,6919),
('KNG',2023,10182),
('MRC',2021,8251),
('MRC',2022,10520),
('MRC',2023,13491),
('TUS',2021,14567),
('TUS',2022,19115),
('TUS',2023,20926),
('WLO',2021,1773),
('WLO',2022,2652),
('WLO',2023,3309),
('YUM',2021,0),
('YUM',2022,4403),
('YUM',2023,4379),
('ARK',2021,587),
('ARK',2022,956),
('ARK',2023,1050),
('HOP',2021,779),
('HOP',2022,1322),
('HOP',2023,1417),
('LRK',2021,8439),
('LRK',2022,13492),
('LRK',2023,16474),
('MVN',2021,878),
('MVN',2022,1558),
('MVN',2023,1464),
('TXA',2021,3135),
('TXA',2022,4814),
('TXA',2023,5293),
('WNR',2021,1565),
('WNR',2022,2340),
('WNR',2023,2617),
('ANA',2021,71651),
('ANA',2022,158796),
('ANA',2023,129231),
('ACA',2021,19035),
('ACA',2022,24262),
('ACA',2023,27985),
('ARN',2021,1587),
('ARN',2022,5357),
('ARN',2023,10905),
('BFD',2021,196791),
('BFD',2022,314684),
('BFD',2023,658266),
('BAR',2021,1567),
('BAR',2022,1959),
('BAR',2023,3855),
('BKY',2021,25999),
('BKY',2022,57302),
('BKY',2023,77341),
('BUR',2021,20653),
('BUR',2022,43671),
('BUR',2023,46470),
('BBK',2021,0),
('BBK',2022,2218),
('BBK',2023,7152),
('CML',2021,11807),
('CML',2022,31862),
('CML',2023,40346),
('CPN',2021,9242),
('CPN',2022,15883),
('CPN',2023,20980),
('CWT',2021,17752),
('CWT',2022,38654),
('CWT',2023,38353),
('CIC',2021,3383),
('CIC',2022,7625),
('CIC',2023,25250),
('COX',2021,2034),
('COX',2022,3753),
('COX',2023,5214),
('CNL',2021,0),
('CNL',2022,470),
('CNL',2023,776),
('COC',2021,9951),
('COC',2022,14964),
('COC',2023,17915),
('DAV',2021,70194),
('DAV',2022,163636),
('DAV',2023,223609),
('DUN',2021,2160),
('DUN',2022,3496),
('DUN',2023,3507),
('EMY',2021,164264),
('EMY',2022,283631),
('EMY',2023,471695),
('FFV',2021,28245),
('FFV',2022,39248),
('FFV',2023,51360),
('FMT',2021,9341),
('FMT',2022,21216),
('FMT',2023,29124),
('FNO',2021,136415),
('FNO',2022,221781),
('FNO',2023,278603),
('FUL',2021,86618),
('FUL',2022,172130),
('FUL',2023,160622),
('GDL',2021,13227),
('GDL',2022,31521),
('GDL',2023,40094),
('GTA',2021,19947),
('GTA',2022,52365),
('GTA',2023,67181),
('GVB',2021,6446),
('GVB',2022,12748),
('GVB',2023,17602),
('GUA',2021,5148),
('GUA',2022,9744),
('GUA',2023,10099),
('HNF',2021,60573),
('HNF',2022,97628),
('HNF',2023,128786),
('HAY',2021,10328),
('HAY',2022,20641),
('HAY',2023,27477),
('IRV',2021,108774),
('IRV',2022,180103),
('IRV',2023,353971),
('LOD',2021,0),
('LOD',2022,1584),
('LOD',2023,5145),
('LPS',2021,3712),
('LPS',2022,7560),
('LPS',2023,8089),
('LAX',2021,466417),
('LAX',2022,928558),
('LAX',2023,1000243),
('MDR',2021,11819),
('MDR',2022,19014),
('MDR',2023,23438),
('MTZ',2021,124389),
('MTZ',2022,176571),
('MTZ',2023,242645),
('MCD',2021,48737),
('MCD',2022,94304),
('MCD',2023,120583),
('MOD',2021,51281),
('MOD',2022,76286),
('MOD',2023,89101),
('MPK',2021,1050),
('MPK',2022,16960),
('MPK',2023,23091),
('NAP',2021,6),
('NAP',2022,0),
('NAP',2023,0),
('NDL',2021,3633),
('NDL',2022,4667),
('NDL',2023,5826),
('NRG',2021,0),
('NRG',2022,3936),
('NRG',2023,12610),
('OAC',2021,17233),
('OAC',2022,23557),
('OAC',2023,27940),
('OKJ',2021,97880),
('OKJ',2022,154266),
('OKJ',2023,199354),
('OSD',2021,106892),
('OSD',2022,185734),
('OSD',2023,257767),
('ONA',2021,2926),
('ONA',2022,3374),
('ONA',2023,11675),
('OXN',2021,36307),
('OXN',2022,59653),
('OXN',2023,81236),
('PSN',2021,1171),
('PSN',2022,2224),
('PSN',2023,1687),
('PRB',2021,3923),
('PRB',2022,8197),
('PRB',2023,14301),
('PTC',2021,1),
('PTC',2022,0),
('PTC',2023,0),
('PCV',2021,66),
('PCV',2022,0),
('PCV',2023,0),
('POS',2021,1052),
('POS',2022,1131),
('POS',2023,1315),
('RDD',2021,4382),
('RDD',2022,6625),
('RDD',2023,7008),
('RIC',2021,60116),
('RIC',2022,114929),
('RIC',2023,154239),
('RIV',2021,4926),
('RIV',2022,6947),
('RIV',2023,24163),
('RLN',2021,2113),
('RLN',2022,5031),
('RLN',2023,9653),
('RPC',2021,3),
('RPC',2022,0),
('RPC',2023,0),
('RSV',2021,7976),
('RSV',2022,21022),
('RSV',2023,34747),
('SAC',2021,255183),
('SAC',2022,456647),
('SAC',2023,740697),
('SNS',2021,7379),
('SNS',2022,16160),
('SNS',2023,31962),
('SNB',2021,3883),
('SNB',2022,6855),
('SNB',2023,16403),
('SNP',2021,7563),
('SNP',2022,14107),
('SNP',2023,5110),
('SAN',2021,235775),
('SAN',2022,443091),
('SAN',2023,274987),
('OLT',2021,113163),
('OLT',2022,253617),
('OLT',2023,151928),
('SFC',2021,0),
('SFC',2022,14192),
('SFC',2023,0),
('SJC',2021,51848),
('SJC',2022,110949),
('SJC',2023,202760),
('SNC',2021,71260),
('SNC',2022,117526),
('SNC',2023,74995),
('SLO',2021,30449),
('SLO',2022,75279),
('SLO',2023,109784),
('SNA',2021,50733),
('SNA',2022,95854),
('SNA',2023,72613),
('SBA',2021,123317),
('SBA',2022,213697),
('SBA',2023,325490),
('GAC',2021,19970),
('GAC',2022,39593),
('GAC',2023,65006),
('SCC',2021,6350),
('SCC',2022,21489),
('SCC',2023,28238),
('SRC',2021,17),
('SRC',2022,0),
('SRC',2023,0),
('SIM',2021,16690),
('SIM',2022,26689),
('SIM',2023,29971),
('SOL',2021,94621),
('SOL',2022,176089),
('SOL',2023,89369),
('SLV',2021,1),
('SLV',2022,0),
('SLV',2023,0),
('SLT',2021,473),
('SLT',2022,0),
('SLT',2023,0),
('SKT',2021,1),
('SKT',2022,2824),
('SKT',2023,11714),
('SKN',2021,156622),
('SKN',2022,212527),
('SKN',2023,399001),
('SUI',2021,30771),
('SUI',2022,38530),
('SUI',2023,50427),
('TRU',2021,5747),
('TRU',2022,9997),
('TRU',2023,15588),
('TRK',2021,12378),
('TRK',2022,21437),
('TRK',2023,26347),
('VAL',2021,3),
('VAL',2022,0),
('VAL',2023,0),
('VNC',2021,22171),
('VNC',2022,44026),
('VNC',2023,63035),
('VEC',2021,23357),
('VEC',2022,43659),
('VEC',2023,62284),
('VRV',2021,2584),
('VRV',2022,4554),
('VRV',2023,5352),
('WAC',2021,13916),
('WAC',2022,22781),
('WAC',2023,25830),
('DEN',2021,61216),
('DEN',2022,104513),
('DEN',2023,114543),
('FMG',2021,1614),
('FMG',2022,2019),
('FMG',2023,2356),
('GSC',2021,22968),
('GSC',2022,32519),
('GSC',2023,35311),
('GRA',2021,2305),
('GRA',2022,3256),
('GRA',2023,3158),
('GJT',2021,14995),
('GJT',2022,20712),
('GJT',2023,24628),
('LAJ',2021,3525),
('LAJ',2022,4799),
('LAJ',2023,5402),
('LMR',2021,673),
('LMR',2022,915),
('LMR',2023,1138),
('TRI',2021,3733),
('TRI',2022,4896),
('TRI',2023,6040),
('WIP',2021,3500),
('WIP',2022,0),
('WIP',2023,8008),
('WPR',2021,0),
('WPR',2022,16958),
('WPR',2023,16209),
('BER',2021,8981),
('BER',2022,17812),
('BER',2023,25783),
('BRP',2021,56891),
('BRP',2022,98572),
('BRP',2023,112681),
('HFD',2021,75866),
('HFD',2022,149625),
('HFD',2023,203438),
('MDN',2021,8032),
('MDN',2022,16373),
('MDN',2023,20701),
('MYS',2021,14284),
('MYS',2022,24160),
('MYS',2023,30923),
('STS',2021,5972),
('STS',2022,15727),
('STS',2023,20897),
('NHV',2021,347544),
('NHV',2022,617119),
('NHV',2023,792634),
('NLC',2021,85366),
('NLC',2022,138728),
('NLC',2023,154876),
('OSB',2021,33194),
('OSB',2022,61265),
('OSB',2023,67076),
('STM',2021,133681),
('STM',2022,269195),
('STM',2023,323791),
('WFD',2021,3317),
('WFD',2022,7141),
('WFD',2023,9682),
('WND',2021,6586),
('WND',2022,19733),
('WND',2023,18450),
('WNL',2021,8907),
('WNL',2022,12987),
('WNL',2023,27271),
('WAS',2021,1758409),
('WAS',2022,3631677),
('WAS',2023,4751405),
('NRK',2021,8888),
('NRK',2022,22125),
('NRK',2023,29344),
('WIL',2021,227919),
('WIL',2022,433876),
('WIL',2023,625373),
('DFB',2021,11094),
('DFB',2022,15142),
('DFB',2023,19026),
('DLD',2021,10433),
('DLD',2022,13442),
('DLD',2023,16606),
('DLB',2021,7194),
('DLB',2022,10476),
('DLB',2023,13023),
('FTL',2021,23073),
('FTL',2022,31194),
('FTL',2023,39143),
('HOL',2021,13042),
('HOL',2022,17060),
('HOL',2023,20439),
('JAX',2021,39709),
('JAX',2022,48144),
('JAX',2023,64038),
('KIS',2021,21158),
('KIS',2022,26862),
('KIS',2023,33123),
('LAK',2021,2651),
('LAK',2022,0),
('LAK',2023,0),
('LKL',2021,5200),
('LKL',2022,0),
('LKL',2023,0),
('MIA',2021,37411),
('MIA',2022,50992),
('MIA',2023,73883),
('OKE',2021,2023),
('OKE',2022,4104),
('OKE',2023,4026),
('ORL',2021,73327),
('ORL',2022,89933),
('ORL',2023,135614),
('PAK',2021,7171),
('PAK',2022,8641),
('PAK',2023,10395),
('SFA',2021,197708),
('SFA',2022,269381),
('SFA',2023,272896),
('SBG',2021,8619),
('SBG',2022,10301),
('SBG',2023,12858),
('TPA',2021,52376),
('TPA',2022,110901),
('TPA',2023,129036),
('WPB',2021,28756),
('WPB',2022,39440),
('WPB',2023,44807),
('WTH',2021,15227),
('WTH',2022,17397),
('WTH',2023,20735),
('WPK',2021,12993),
('WPK',2022,16388),
('WPK',2023,21009),
('ATL',2021,34941),
('ATL',2022,49579),
('ATL',2023,68319),
('GNS',2021,2188),
('GNS',2022,3320),
('GNS',2023,4509),
('JSP',2021,5221),
('JSP',2022,5959),
('JSP',2023,7265),
('SAV',2021,32763),
('SAV',2022,48796),
('SAV',2023,56709),
('TCA',2021,875),
('TCA',2022,1304),
('TCA',2023,1793),
('SPT',2021,3594),
('SPT',2022,4537),
('SPT',2023,4751),
('ALN',2021,23178),
('ALN',2022,49368),
('ALN',2023,56027),
('BNL',2021,91842),
('BNL',2022,178018),
('BNL',2023,203842),
('CDL',2021,40761),
('CDL',2022,55051),
('CDL',2023,73180),
('CRV',2021,4000),
('CRV',2022,8053),
('CRV',2023,8332),
('CEN',2021,7945),
('CEN',2022,11025),
('CEN',2023,14304),
('CHM',2021,103739),
('CHM',2022,173549),
('CHM',2023,217042),
('CHI',2021,1336525),
('CHI',2022,2359084),
('CHI',2023,2722448),
('DQN',2021,3108),
('DQN',2022,4196),
('DQN',2023,5425),
('DWT',2021,3871),
('DWT',2022,4941),
('DWT',2023,4815),
('EFG',2021,8242),
('EFG',2022,12798),
('EFG',2023,16572),
('GBB',2021,38637),
('GBB',2022,59510),
('GBB',2023,60368),
('GLM',2021,1334),
('GLM',2022,1373),
('GLM',2023,1702),
('GLN',2021,20571),
('GLN',2022,38221),
('GLN',2023,47591),
('HMW',2021,10299),
('HMW',2022,26722),
('HMW',2023,35220),
('JOL',2021,28348),
('JOL',2022,54905),
('JOL',2023,60583),
('KKI',2021,25495),
('KKI',2022,11135),
('KKI',2023,13944),
('KEE',2021,6588),
('KEE',2022,12073),
('KEE',2023,9486),
('LAG',2021,4712),
('LAG',2022,8407),
('LAG',2023,7157),
('LCN',2021,8147),
('LCN',2022,15547),
('LCN',2023,15557),
('MAC',2021,25707),
('MAC',2022,41675),
('MAC',2023,37199),
('MAT',2021,15735),
('MAT',2022,22004),
('MAT',2023,27691),
('MDT',2021,9002),
('MDT',2022,14892),
('MDT',2023,12647),
('NPV',2021,16598),
('NPV',2022,26991),
('NPV',2023,25987),
('PLO',2021,2679),
('PLO',2022,4746),
('PLO',2023,4237),
('PON',2021,5553),
('PON',2022,10627),
('PON',2023,12962),
('PCT',2021,12441),
('PCT',2022,21887),
('PCT',2023,19918),
('QCY',2021,14450),
('QCY',2022,25040),
('QCY',2023,22928),
('RTL',2021,3315),
('RTL',2022,3526),
('RTL',2023,4253),
('SPI',2021,61866),
('SPI',2022,118743),
('SPI',2023,140089),
('SMT',2021,8310),
('SMT',2022,15111),
('SMT',2023,16697),
('COI',2021,419),
('COI',2022,373),
('COI',2023,528),
('CRF',2021,1071),
('CRF',2022,1235),
('CRF',2023,1518),
('DYE',2021,1092),
('DYE',2022,959),
('DYE',2023,989),
('EKH',2021,10427),
('EKH',2022,16157),
('EKH',2023,16071),
('HMI',2021,445),
('HMI',2022,3031),
('HMI',2023,3950),
('IND',2021,9847),
('IND',2022,10881),
('IND',2023,18466),
('LAF',2021,3482),
('LAF',2022,4271),
('LAF',2023,5908),
('MCI',2021,338),
('MCI',2022,817),
('MCI',2023,0),
('REN',2021,521),
('REN',2022,479),
('REN',2023,509),
('SOB',2021,9292),
('SOB',2022,18848),
('SOB',2023,19481),
('WTI',2021,9287),
('WTI',2022,16945),
('WTI',2023,17411),
('BRL',2021,3849),
('BRL',2022,4998),
('BRL',2023,6015),
('CRN',2021,1420),
('CRN',2022,1785),
('CRN',2023,2106),
('FMD',2021,2680),
('FMD',2022,4036),
('FMD',2023,4731),
('MTP',2021,4507),
('MTP',2022,6730),
('MTP',2023,8402),
('OSC',2021,7086),
('OSC',2022,9377),
('OSC',2023,11295),
('OTM',2021,5001),
('OTM',2022,6799),
('OTM',2023,7583),
('DDG',2021,2187),
('DDG',2022,3519),
('DDG',2023,3633),
('GCK',2021,2816),
('GCK',2022,4945),
('GCK',2023,5351),
('HUT',2021,1797),
('HUT',2022,2637),
('HUT',2023,3629),
('LRC',2021,2752),
('LRC',2022,5331),
('LRC',2023,6042),
('NEW',2021,6040),
('NEW',2022,10978),
('NEW',2023,16772),
('TOP',2021,3435),
('TOP',2022,5576),
('TOP',2023,6872),
('AKY',2021,1165),
('AKY',2022,1350),
('AKY',2023,1579),
('FTN',2021,1864),
('FTN',2022,2511),
('FTN',2023,4214),
('MAY',2021,1174),
('MAY',2022,1527),
('MAY',2023,2111),
('SPM',2021,643),
('SPM',2022,732),
('SPM',2023,870),
('HMD',2021,4406),
('HMD',2022,6023),
('HMD',2023,9221),
('LFT',2021,3155),
('LFT',2022,3871),
('LFT',2023,4465),
('LCH',2021,2721),
('LCH',2022,2550),
('LCH',2023,2614),
('NIB',2021,929),
('NIB',2022,1178),
('NIB',2023,1078),
('NOL',2021,70092),
('NOL',2022,99672),
('NOL',2023,156720),
('SCH',2021,678),
('SCH',2022,933),
('SCH',2023,912),
('SDL',2021,1861),
('SDL',2022,3219),
('SDL',2023,4263),
('BRK',2021,24929),
('BRK',2022,65109),
('BRK',2023,83230),
('FRE',2021,11000),
('FRE',2022,24163),
('FRE',2023,32471),
('ORB',2021,12868),
('ORB',2022,18730),
('ORB',2023,19748),
('POR',2021,68841),
('POR',2022,145776),
('POR',2023,180288),
('SAO',2021,21797),
('SAO',2022,45887),
('SAO',2023,56431),
('WEM',2021,21819),
('WEM',2022,42513),
('WEM',2023,52605),
('ABE',2021,13841),
('ABE',2022,32935),
('ABE',2023,42671),
('BAL',2021,446914),
('BAL',2022,838591),
('BAL',2023,1081133),
('BWI',2021,259394),
('BWI',2022,522353),
('BWI',2023,710752),
('CUM',2021,5117),
('CUM',2022,8350),
('CUM',2023,7651),
('NCR',2021,103558),
('NCR',2022,169699),
('NCR',2023,208161),
('RKV',2021,2325),
('RKV',2022,4058),
('RKV',2023,3560),
('BBY',2021,322928),
('BBY',2022,606967),
('BBY',2023,750036),
('BON',2021,152370),
('BON',2022,346610),
('BON',2023,399798),
('BOS',2021,679333),
('BOS',2022,1216560),
('BOS',2023,1538648),
('FRA',2021,963),
('FRA',2022,1586),
('FRA',2023,2144),
('GFD',2021,3428),
('GFD',2022,8927),
('GFD',2023,11042),
('HHL',2021,12467),
('HHL',2022,23156),
('HHL',2023,43343),
('HLK',2021,630),
('HLK',2022,2423),
('HLK',2023,2743),
('NHT',2021,8202),
('NHT',2022,27801),
('NHT',2023,34912),
('PIT',2021,6747),
('PIT',2022,10493),
('PIT',2023,12649),
('RTE',2021,135163),
('RTE',2022,303652),
('RTE',2023,408132),
('SPG',2021,62879),
('SPG',2022,112712),
('SPG',2023,149372),
('WOB',2021,5897),
('WOB',2022,13626),
('WOB',2023,16585),
('WOR',2021,4196),
('WOR',2022,5068),
('WOR',2023,6075),
('ALI',2021,1231),
('ALI',2022,1890),
('ALI',2023,2044),
('ARB',2021,46746),
('ARB',2022,122757),
('ARB',2023,136431),
('BAM',2021,2468),
('BAM',2022,3337),
('BAM',2023,3250),
('BTL',2021,16716),
('BTL',2022,24581),
('BTL',2023,32452),
('DER',2021,26587),
('DER',2022,52850),
('DER',2023,61448),
('DET',2021,29663),
('DET',2022,54304),
('DET',2023,69346),
('DOA',2021,2322),
('DOA',2022,3878),
('DOA',2023,4621),
('DRD',2021,5942),
('DRD',2022,9535),
('DRD',2023,10532),
('LNS',2021,32574),
('LNS',2022,59224),
('LNS',2023,70706),
('FLN',2021,17689),
('FLN',2022,23026),
('FLN',2023,23434),
('GRR',2021,24928),
('GRR',2022,40753),
('GRR',2023,44464),
('HOM',2021,17502),
('HOM',2022,28581),
('HOM',2023,28622),
('JXN',2021,7823),
('JXN',2022,15319),
('JXN',2023,16598),
('KAL',2021,37097),
('KAL',2022,73613),
('KAL',2023,97957),
('LPE',2021,4232),
('LPE',2022,6831),
('LPE',2023,7547),
('NBU',2021,11541),
('NBU',2022,19564),
('NBU',2023,26598),
('NLS',2021,7031),
('NLS',2022,13056),
('NLS',2023,17105),
('PNT',2021,5921),
('PNT',2022,12013),
('PNT',2023,13340),
('PTH',2021,5148),
('PTH',2022,10177),
('PTH',2023,14271),
('ROY',2021,8699),
('ROY',2022,20432),
('ROY',2023,22794),
('SJM',2021,7931),
('SJM',2022,11741),
('SJM',2023,12721),
('TRM',2021,10313),
('TRM',2022,25769),
('TRM',2023,30417),
('DLK',2021,2410),
('DLK',2022,3123),
('DLK',2023,4182),
('RDW',2021,3802),
('RDW',2022,4878),
('RDW',2023,5609),
('SCD',2021,5422),
('SCD',2022,6156),
('SCD',2023,8169),
('MSP',2021,42662),
('MSP',2022,59815),
('MSP',2023,77597),
('SPL',2021,4339),
('SPL',2022,5363),
('SPL',2023,5931),
('WIN',2021,7192),
('WIN',2022,9282),
('WIN',2023,10847),
('BRH',2021,2037),
('BRH',2022,2542),
('BRH',2023,3790),
('GWD',2021,7511),
('GWD',2022,9293),
('GWD',2023,12964),
('HBG',2021,3580),
('HBG',2022,5083),
('HBG',2023,7688),
('HAZ',2021,816),
('HAZ',2022,956),
('HAZ',2023,1506),
('JAN',2021,19917),
('JAN',2022,24209),
('JAN',2023,37057),
('LAU',2021,1474),
('LAU',2022,2054),
('LAU',2023,4187),
('MKS',2021,1804),
('MKS',2022,2904),
('MKS',2023,4027),
('MCB',2021,1906),
('MCB',2022,2580),
('MCB',2023,3983),
('MEI',2021,3478),
('MEI',2022,4674),
('MEI',2023,6667),
('PIC',2021,867),
('PIC',2022,1022),
('PIC',2023,1742),
('YAZ',2021,1835),
('YAZ',2022,2290),
('YAZ',2023,3164),
('ACD',2021,577),
('ACD',2022,876),
('ACD',2023,1228),
('HEM',2021,11418),
('HEM',2022,17007),
('HEM',2023,21008),
('IDP',2021,3225),
('IDP',2022,4167),
('IDP',2023,5635),
('JEF',2021,18360),
('JEF',2022,25190),
('JEF',2023,32693),
('KCY',2021,65461),
('KCY',2022,110232),
('KCY',2023,127044),
('KWD',2021,18451),
('KWD',2022,31063),
('KWD',2023,43128),
('LAP',2021,4344),
('LAP',2022,6870),
('LAP',2023,8559),
('LEE',2021,11634),
('LEE',2022,17215),
('LEE',2023,21966),
('PBF',2021,2240),
('PBF',2022,2835),
('PBF',2023,3746),
('SED',2021,5341),
('SED',2022,6558),
('SED',2023,7922),
('STL',2021,145840),
('STL',2022,293338),
('STL',2023,321780),
('WAR',2021,4836),
('WAR',2022,6103),
('WAR',2023,8389),
('WAH',2021,5722),
('WAH',2022,9210),
('WAH',2023,12295),
('BRO',2021,385),
('BRO',2022,725),
('BRO',2023,935),
('CUT',2021,912),
('CUT',2022,1219),
('CUT',2023,1347),
('GPK',2021,10949),
('GPK',2022,9528),
('GPK',2023,9545),
('ESM',2021,1740),
('ESM',2022,1795),
('ESM',2023,1009),
('GGW',2021,2192),
('GGW',2022,3012),
('GGW',2023,3248),
('HAV',2021,5158),
('HAV',2022,6848),
('HAV',2023,7931),
('LIB',2021,2702),
('LIB',2022,3323),
('LIB',2023,4103),
('MAL',2021,2598),
('MAL',2022,3610),
('MAL',2023,4278),
('SBY',2021,4027),
('SBY',2022,5989),
('SBY',2023,6730),
('WGL',2021,3909),
('WGL',2022,4413),
('WGL',2023,4639),
('WFH',2021,30060),
('WFH',2022,37597),
('WFH',2023,40401),
('WPT',2021,2434),
('WPT',2022,2911),
('WPT',2023,3558),
('HAS',2021,2165),
('HAS',2022,3240),
('HAS',2023,4018),
('HLD',2021,805),
('HLD',2022,1104),
('HLD',2023,1292),
('LNK',2021,5967),
('LNK',2022,8860),
('LNK',2023,9946),
('MCK',2021,1314),
('MCK',2022,1840),
('MCK',2023,2366),
('OMA',2021,11957),
('OMA',2022,17023),
('OMA',2023,19748),
('ELK',2021,3807),
('ELK',2022,4894),
('ELK',2023,6172),
('RNO',2021,30088),
('RNO',2022,47136),
('RNO',2023,72408),
('WNN',2021,2400),
('WNN',2022,3007),
('WNN',2023,4216),
('CLA',2021,569),
('CLA',2022,2394),
('CLA',2023,3085),
('DOV',2021,20667),
('DOV',2022,43622),
('DOV',2023,50144),
('DHM',2021,19016),
('DHM',2022,43299),
('DHM',2023,50485),
('EXR',2021,20685),
('EXR',2022,45733),
('EXR',2023,65782),
('MET',2021,109117),
('MET',2022,225661),
('MET',2023,292516),
('NBK',2021,11289),
('NBK',2022,21937),
('NBK',2023,28587),
('NWK',2021,284343),
('NWK',2022,495422),
('NWK',2023,671703),
('EWR',2021,52945),
('EWR',2022,124197),
('EWR',2023,154824),
('PJC',2021,17193),
('PJC',2022,51957),
('PJC',2023,86015),
('TRE',2021,121909),
('TRE',2022,254694),
('TRE',2023,342937),
('ABQ',2021,25821),
('ABQ',2022,41692),
('ABQ',2023,51328),
('DEM',2021,989),
('DEM',2022,1085),
('DEM',2023,1266),
('GLP',2021,5084),
('GLP',2022,9138),
('GLP',2023,11246),
('LMY',2021,3771),
('LMY',2022,6115),
('LMY',2023,8327),
('LSV',2021,1830),
('LSV',2022,3051),
('LSV',2023,3659),
('LDB',2021,519),
('LDB',2022,661),
('LDB',2023,688),
('RAT',2021,8472),
('RAT',2022,6133),
('RAT',2023,7622),
('ALB',2021,379209),
('ALB',2022,640353),
('ALB',2023,790517),
('AMS',2021,9139),
('AMS',2022,11900),
('AMS',2023,12231),
('BFX',2021,34004)


INSERT INTO [OnTrack.Ridership] VALUES
('BFX',2022,47884),
('BFX',2023,48914),
('BUF',2021,57994),
('BUF',2022,96049),
('BUF',2023,102050),
('CRT',2021,22123),
('CRT',2022,40834),
('CRT',2023,49137),
('FED',2021,1638),
('FED',2022,6096),
('FED',2023,7588),
('HUD',2021,145187),
('HUD',2022,208302),
('HUD',2023,245600),
('NYP',2021,4061379),
('NYP',2022,8008700),
('NYP',2023,10249669),
('NRO',2021,52410),
('NRO',2022,92929),
('NRO',2023,114937),
('NYF',2021,967),
('NYF',2022,2437),
('NYF',2023,0),
('NFL',2021,20145),
('NFL',2022,31689),
('NFL',2023,33930),
('POU',2021,66403),
('POU',2022,111135),
('POU',2023,123359),
('RHI',2021,104407),
('RHI',2022,171567),
('RHI',2023,203593),
('ROC',2021,77964),
('ROC',2022,119797),
('ROC',2023,130121),
('ROM',2021,6228),
('ROM',2022,8496),
('ROM',2023,9267),
('SAR',2021,4753),
('SAR',2022,22710),
('SAR',2023,31368),
('SDY',2021,34225),
('SDY',2022,50041),
('SDY',2023,57456),
('SYR',2021,78673),
('SYR',2022,124000),
('SYR',2023,138686),
('UCA',2021,39834),
('UCA',2022,61180),
('UCA',2023,65867),
('YNY',2021,23839),
('YNY',2022,34717),
('YNY',2023,40041),
('BNC',2021,12573),
('BNC',2022,20404),
('BNC',2023,26767),
('CYN',2021,33569),
('CYN',2022,74995),
('CYN',2023,96312),
('CLT',2021,104735),
('CLT',2022,196233),
('CLT',2023,261510),
('DNC',2021,42927),
('DNC',2022,80643),
('DNC',2023,112383),
('FAY',2021,29667),
('FAY',2022,32332),
('FAY',2023,47151),
('GAS',2021,730),
('GAS',2022,1213),
('GAS',2023,1818),
('GRO',2021,66808),
('GRO',2022,114046),
('GRO',2023,157429),
('HAM',2021,2175),
('HAM',2022,3798),
('HAM',2023,3471),
('HPT',2021,16442),
('HPT',2022,27128),
('HPT',2023,37966),
('KAN',2021,11072),
('KAN',2022,21022),
('KAN',2023,31071),
('NSF',2021,0),
('NSF',2022,1989),
('NSF',2023,0),
('RGH',2021,93417),
('RGH',2022,171091),
('RGH',2023,219538),
('RMT',2021,30529),
('RMT',2022,38092),
('RMT',2023,46006),
('SAL',2021,10189),
('SAL',2022,17903),
('SAL',2023,22666),
('SSM',2021,7720),
('SSM',2022,11403),
('SSM',2023,13914),
('SOP',2021,2801),
('SOP',2022,6267),
('SOP',2023,6652),
('WLN',2021,33805),
('WLN',2022,46436),
('WLN',2023,71892),
('DVL',2021,2287),
('DVL',2022,2803),
('DVL',2023,3092),
('FAR',2021,10510),
('FAR',2022,14723),
('FAR',2023,17545),
('GFK',2021,5618),
('GFK',2022,8181),
('GFK',2023,9863),
('MOT',2021,11591),
('MOT',2022,16529),
('MOT',2023,19962),
('RUG',2021,1676),
('RUG',2022,2114),
('RUG',2023,2718),
('STN',2021,1739),
('STN',2022,2080),
('STN',2023,2440),
('WTN',2021,11529),
('WTN',2022,14279),
('WTN',2023,17213),
('ALC',2021,2040),
('ALC',2022,3132),
('ALC',2023,2697),
('BYN',2021,2808),
('BYN',2022,4262),
('BYN',2023,4353),
('CIN',2021,7164),
('CIN',2022,8374),
('CIN',2023,8303),
('CLE',2021,32263),
('CLE',2022,48887),
('CLE',2023,48784),
('ELY',2021,4578),
('ELY',2022,6697),
('ELY',2023,8811),
('SKY',2021,5164),
('SKY',2022,8400),
('SKY',2023,8313),
('TOL',2021,28045),
('TOL',2022,45212),
('TOL',2023,53189),
('ADM',2021,4110),
('ADM',2022,4871),
('ADM',2023,5831),
('NOR',2021,6751),
('NOR',2022,10622),
('NOR',2023,12422),
('OKC',2021,29902),
('OKC',2022,42793),
('OKC',2023,53529),
('PVL',2021,1962),
('PVL',2022,2285),
('PVL',2023,2903),
('PUR',2021,908),
('PUR',2022,1337),
('PUR',2023,1436),
('ALY',2021,13918),
('ALY',2022,26256),
('ALY',2023,45135),
('CMO',2021,2642),
('CMO',2022,2618),
('CMO',2023,2798),
('EUG',2021,35570),
('EUG',2022,70980),
('EUG',2023,123521),
('KFS',2021,21482),
('KFS',2022,20627),
('KFS',2023,28544),
('ORC',2021,5262),
('ORC',2022,11685),
('ORC',2023,15681),
('PDX',2021,187314),
('PDX',2022,375071),
('PDX',2023,525955),
('SLM',2021,22168),
('SLM',2022,39701),
('SLM',2023,73171),
('ALT',2021,10281),
('ALT',2022,15142),
('ALT',2023,18064),
('ARD',2021,14262),
('ARD',2022,38570),
('ARD',2023,57449),
('COT',2021,8106),
('COT',2022,9129),
('COT',2023,11937),
('COV',2021,1986),
('COV',2022,3337),
('COV',2023,3172),
('CWH',2021,234),
('CWH',2022,1342),
('CWH',2023,2190),
('DOW',2021,16719),
('DOW',2022,32653),
('DOW',2023,46438),
('ELT',2021,22232),
('ELT',2022,39359),
('ELT',2023,51022),
('ERI',2021,9001),
('ERI',2022,13389),
('ERI',2023,15236),
('EXT',2021,27159),
('EXT',2022,66931),
('EXT',2023,101803),
('GNB',2021,4900),
('GNB',2022,8367),
('GNB',2023,10089),
('HAR',2021,161432),
('HAR',2022,258937),
('HAR',2023,325037),
('HGD',2021,2566),
('HGD',2022,4318),
('HGD',2023,4790),
('JST',2021,13966),
('JST',2022,15009),
('JST',2023,16449),
('LNC',2021,179294),
('LNC',2022,305698),
('LNC',2023,380261),
('LAB',2021,1608),
('LAB',2022,2706),
('LAB',2023,3177),
('LEW',2021,5016),
('LEW',2022,8287),
('LEW',2023,9531),
('MID',2021,16961),
('MID',2022,38263),
('MID',2023,53027),
('MJY',2021,9148),
('MJY',2022,18187),
('MJY',2023,24877),
('PHN',2021,848),
('PHN',2022,1323),
('PHN',2023,1684),
('PAO',2021,41486),
('PAO',2022,105375),
('PAO',2023,173812),
('PAR',2021,10179),
('PAR',2022,17228),
('PAR',2023,21309),
('PHL',2021,1500043),
('PHL',2022,3058329),
('PHL',2023,4197176),
('PGH',2021,71015),
('PGH',2022,117966),
('PGH',2023,116084),
('TYR',2021,1595),
('TYR',2022,2371),
('TYR',2023,2989),
('KIN',2021,79506),
('KIN',2022,146288),
('KIN',2023,179644),
('PVD',2021,303528),
('PVD',2022,569195),
('PVD',2023,709232),
('WLY',2021,26722),
('WLY',2022,41293),
('WLY',2023,50453),
('CAM',2021,1600),
('CAM',2022,2733),
('CAM',2023,2862),
('CHS',2021,31831),
('CHS',2022,37461),
('CHS',2023,52675),
('CSN',2021,1679),
('CSN',2022,2868),
('CSN',2023,4317),
('CLB',2021,13148),
('CLB',2022,25035),
('CLB',2023,25328),
('DNK',2021,1702),
('DNK',2022,2727),
('DNK',2023,2681),
('DIL',2021,3071),
('DIL',2022,3996),
('DIL',2023,5907),
('FLO',2021,20475),
('FLO',2022,22571),
('FLO',2023,34165),
('GRV',2021,4555),
('GRV',2022,6784),
('GRV',2023,8851),
('KTR',2021,5520),
('KTR',2022,5310),
('KTR',2023,7926),
('SPB',2021,1802),
('SPB',2022,2699),
('SPB',2023,3548),
('YEM',2021,5085),
('YEM',2022,5006),
('YEM',2023,6960),
('MEM',2021,25332),
('MEM',2022,38891),
('MEM',2023,65689),
('NBN',2021,1792),
('NBN',2022,2465),
('NBN',2023,3689),
('ALP',2021,3039),
('ALP',2022,3593),
('ALP',2023,3599),
('AUS',2021,15443),
('AUS',2022,26665),
('AUS',2023,32831),
('BMT',2021,1988),
('BMT',2022,2251),
('BMT',2023,2351),
('CBR',2021,1842),
('CBR',2022,2945),
('CBR',2023,3257),
('DAL',2021,23202),
('DAL',2022,40197),
('DAL',2023,49196),
('DRT',2021,1751),
('DRT',2022,2328),
('DRT',2023,1817),
('ELP',2021,8554),
('ELP',2022,11896),
('ELP',2023,13720),
('FTW',2021,59393),
('FTW',2022,93181),
('FTW',2023,107566),
('GLE',2021,3652),
('GLE',2022,5084),
('GLE',2023,7497),
('HOS',2021,12824),
('HOS',2022,15833),
('HOS',2023,26945),
('LVW',2021,14082),
('LVW',2022,23412),
('LVW',2023,44876),
('MHL',2021,3119),
('MHL',2022,5279),
('MHL',2023,7233),
('MCG',2021,2296),
('MCG',2022,3344),
('MCG',2023,3639),
('MIN',2021,2761),
('MIN',2022,4859),
('MIN',2023,6390),
('SAS',2021,29345),
('SAS',2022,45419),
('SAS',2023,53039),
('SMC',2021,3430),
('SMC',2022,6130),
('SMC',2023,7145),
('SND',2021,153),
('SND',2022,0),
('SND',2023,0),
('TAY',2021,2173),
('TAY',2022,3570),
('TAY',2023,4114),
('TPL',2021,6533),
('TPL',2022,10116),
('TPL',2023,13463),
('GRI',2021,1744),
('GRI',2022,1579),
('GRI',2023,2123),
('HER',2021,1244),
('HER',2022,1524),
('HER',2023,2048),
('PRO',2021,3416),
('PRO',2022,4185),
('PRO',2023,5950),
('SLC',2021,21642),
('SLC',2022,26821),
('SLC',2023,31004),
('BLF',2021,895),
('BLF',2022,3840),
('BLF',2023,4562),
('BRA',2021,3341),
('BRA',2022,13850),
('BRA',2023,15180),
('BTN',2021,0),
('BTN',2022,3737),
('BTN',2023,21150),
('CNV',2021,708),
('CNV',2022,3585),
('CNV',2023,2907),
('ESX',2021,4091),
('ESX',2022,17412),
('ESX',2023,16001),
('VRN',2021,0),
('VRN',2022,633),
('VRN',2023,3341),
('MBY',2021,0),
('MBY',2022,1656),
('MBY',2023,9022),
('MPR',2021,1609),
('MPR',2022,6292),
('MPR',2023,6882),
('RPH',2021,463),
('RPH',2022,2014),
('RPH',2023,2231),
('RUD',2021,2415),
('RUD',2022,10990),
('RUD',2023,10634),
('SAB',2021,1081),
('SAB',2022,3621),
('SAB',2023,3962),
('WAB',2021,1005),
('WAB',2022,4423),
('WAB',2023,5271),
('WRJ',2021,3132),
('WRJ',2022,12310),
('WRJ',2023,14572),
('WNM',2021,358),
('WNM',2022,1195),
('WNM',2023,1374),
('ALX',2021,100838),
('ALX',2022,211971),
('ALX',2023,308013),
('ASD',2021,8617),
('ASD',2022,21894),
('ASD',2023,33785),
('BCV',2021,5594),
('BCV',2022,12786),
('BCV',2023,14230),
('CVS',2021,64196),
('CVS',2022,125270),
('CVS',2023,172871),
('CLF',2021,1108),
('CLF',2022,1475),
('CLF',2023,1572),
('CLP',2021,7982),
('CLP',2022,13816),
('CLP',2023,17386),
('DAN',2021,3743),
('DAN',2022,5765),
('DAN',2023,7705),
('FBG',2021,41297),
('FBG',2022,72354),
('FBG',2023,95926),
('LOR',2021,197708),
('LOR',2022,269381),
('LOR',2023,272896),
('LYH',2021,28459),
('LYH',2022,48326),
('LYH',2023,69487),
('MSS',2021,15010),
('MSS',2022,28823),
('MSS',2023,43221),
('NPN',2021,71856),
('NPN',2022,70645),
('NPN',2023,124877),
('NFK',2021,63205),
('NFK',2022,129791),
('NFK',2023,230114),
('PTB',2021,21476),
('PTB',2022,33311),
('PTB',2023,46274),
('QAN',2021,9546),
('QAN',2022,16174),
('QAN',2023,21009),
('RVM',2021,41687),
('RVM',2022,74794),
('RVM',2023,121315),
('RVR',2021,152312),
('RVR',2022,303204),
('RVR',2023,403892),
('RNK',2021,34110),
('RNK',2022,66721),
('RNK',2023,104515),
('STA',2021,3610),
('STA',2022,4748),
('STA',2023,4306),
('WBG',2021,28397),
('WBG',2022,48083),
('WBG',2023,69469),
('WDB',2021,7324),
('WDB',2022,18994),
('WDB',2023,31837),
('BNG',2021,1473),
('BNG',2022,2191),
('BNG',2023,2620),
('CTL',2021,10039),
('CTL',2022,16339),
('CTL',2023,19730),
('EDM',2021,3033),
('EDM',2022,4223),
('EDM',2023,18723),
('EPH',2021,2014),
('EPH',2022,2441),
('EPH',2023,2554),
('EVR',2021,9853),
('EVR',2022,11914),
('EVR',2023,38182),
('KEL',2021,11109),
('KEL',2022,19711),
('KEL',2023,23133),
('LWA',2021,3596),
('LWA',2022,6624),
('LWA',2023,8427),
('OLW',2021,23306),
('OLW',2022,40882),
('OLW',2023,49526),
('PSC',2021,9876),
('PSC',2022,15038),
('PSC',2023,19027),
('SEA',2021,193076),
('SEA',2022,384726),
('SEA',2023,689710),
('SPK',2021,22544),
('SPK',2022,34053),
('SPK',2023,45562),
('TAC',2021,40060),
('TAC',2022,66689),
('TAC',2023,75652),
('TUK',2021,11093),
('TUK',2022,23337),
('TUK',2023,29014),
('VAN',2021,38702),
('VAN',2022,73546),
('VAN',2023,87144),
('WEN',2021,6581),
('WEN',2022,9002),
('WEN',2023,9949),
('WIH',2021,712),
('WIH',2022,872),
('WIH',2023,1072),
('ALD',2021,271),
('ALD',2022,315),
('ALD',2023,399),
('CHW',2021,5155),
('CHW',2022,6641),
('CHW',2023,6352),
('HFY',2021,4025),
('HFY',2022,6539),
('HFY',2023,6032),
('HIN',2021,1533),
('HIN',2022,2572),
('HIN',2023,2077),
('HUN',2021,2556),
('HUN',2022,3102),
('HUN',2023,3364),
('MRB',2021,5357),
('MRB',2022,8148),
('MRB',2023,6948),
('MNG',2021,361),
('MNG',2022,340),
('MNG',2023,266),
('PRC',2021,1293),
('PRC',2022,1555),
('PRC',2023,1507),
('THN',2021,364),
('THN',2022,382),
('THN',2023,466),
('WSS',2021,2818),
('WSS',2022,4293),
('WSS',2023,4532),
('CBS',2021,6019),
('CBS',2022,8460),
('CBS',2023,9290),
('LSE',2021,11169),
('LSE',2022,16399),
('LSE',2023,21259),
('MKE',2021,198389),
('MKE',2022,84621),
('MKE',2023,110938),
('MKA',2021,37580),
('MKA',2022,379535),
('MKA',2023,509107),
('POG',2021,3440),
('POG',2022,4810),
('POG',2023,5520),
('SVT',2021,17977),
('SVT',2022,36289),
('SVT',2023,47266),
('TOH',2021,6091),
('TOH',2022,8351),
('TOH',2023,10094),
('WDL',2021,8304),
('WDL',2022,10505),
('WDL',2023,11392)


--Procurement
CREATE TABLE [OnTrack.Procurement](
	stationCityCode CHAR(3) NOT NULL,
	procurementYear INTEGER  NOT NULL,
	procurementAmtTotal INTEGER,
	CONSTRAINT pk_Procurement_stationCityCode_procurementYear PRIMARY KEY (stationCityCode, procurementYear),
	CONSTRAINT fk_Procurement_stationCityCode FOREIGN KEY (stationCityCode) 
		REFERENCES [OnTrack.StationCity] (stationCityCode) 
		ON DELETE CASCADE ON UPDATE CASCADE)

INSERT INTO [OnTrack.Procurement] VALUES
('ABE',2021,0),
('ABE',2022,0),
('ABE',2023,126798),
('ALY',2021,10334728),
('ALY',2022,5853094),
('ALY',2023,4861108),
('ALX',2021,982129),
('ALX',2022,2290664),
('ALX',2023,2340957),
('ALT',2021,145665),
('ALT',2022,0),
('ALT',2023,0),
('AMS',2021,0),
('AMS',2022,253988),
('AMS',2023,0),
('ANA',2021,7859848),
('ANA',2022,12847910),
('ANA',2023,10573082),
('ARB',2021,261833),
('ARB',2022,417314),
('ARB',2023,563070),
('ADM',2021,822500),
('ADM',2022,1012875),
('ADM',2023,0),
('ATL',2021,16493897),
('ATL',2022,92303457),
('ATL',2023,67965646),
('ARN',2021,0),
('ARN',2022,123489),
('ARN',2023,379907),
('BTL',2021,112977),
('BTL',2022,253541),
('BTL',2023,138558),
('BER',2021,0),
('BER',2022,168031),
('BER',2023,1036566),
('BHM',2021,4015429),
('BHM',2022,5531233),
('BHM',2023,15829327),
('BBY',2021,24325655),
('BBY',2022,17501438),
('BBY',2023,18548691),
('BRP',2021,1612508),
('BRP',2022,1205081),
('BRP',2023,1716791),
('BFX',2021,241606),
('BFX',2022,347299),
('BFX',2023,167778),
('BRL',2021,1841354),
('BRL',2022,9015411),
('BRL',2023,20182509),
('CAM',2021,295955),
('CAM',2022,431974),
('CAM',2023,307699),
('CYN',2021,0),
('CYN',2022,0),
('CYN',2023,121496),
('CHI',2021,31405369),
('CHI',2022,126926604),
('CHI',2023,159080943),
('CLA',2021,424775),
('CLA',2022,161715),
('CLA',2023,162206),
('CLE',2021,607815),
('CLE',2022,466719),
('CLE',2023,494834),
('CLB',2021,294901),
('CLB',2022,634234),
('CLB',2023,666169),
('CBS',2021,307889),
('CBS',2022,643840),
('CBS',2023,687940),
('DAL',2021,12595668),
('DAL',2022,25857299),
('DAL',2023,30035514),
('DEN',2021,3101431),
('DEN',2022,12979981),
('DEN',2023,28225643),
('DET',2021,140601),
('DET',2022,159795),
('DET',2023,0),
('DOV',2021,0),
('DOV',2022,0),
('DOV',2023,100354),
('DOW',2021,159916),
('DOW',2022,236111),
('DOW',2023,348092),
('EDM',2021,183808),
('EDM',2022,0),
('EDM',2023,0),
('EKH',2021,1669284),
('EKH',2022,1874422),
('EKH',2023,3355337),
('ELK',2021,0),
('ELK',2022,189989),
('ELK',2023,207645),
('EMY',2021,0),
('EMY',2022,0),
('EMY',2023,157643),
('EPH',2021,0),
('EPH',2022,168139),
('EPH',2023,127677),
('ERI',2021,21726426),
('ERI',2022,26825017),
('ERI',2023,37312550),
('EVR',2021,4642287),
('EVR',2022,9604938),
('EVR',2023,11210583),
('EXT',2021,444298),
('EXT',2022,411684),
('EXT',2023,428445),
('FAR',2021,16147993),
('FAR',2022,20352693),
('FAR',2023,31076109),
('FLN',2021,0),
('FLN',2022,0),
('FLN',2023,341549),
('FLO',2021,0),
('FLO',2022,920553),
('FLO',2023,0),
('FTL',2021,110598),
('FTL',2022,0),
('FTL',2023,0),
('FTW',2021,413386),
('FTW',2022,277106),
('FTW',2023,541526),
('FRA',2021,0),
('FRA',2022,571483),
('FRA',2023,1794473),
('FBG',2021,108503),
('FBG',2022,117127),
('FBG',2023,0),
('FRE',2021,103653),
('FRE',2022,251010),
('FRE',2023,145809),
('FMT',2021,438911),
('FMT',2022,1040248),
('FMT',2023,1192262),
('GNS',2021,17787851),
('GNS',2022,29923700),
('GNS',2023,9334906),
('GDL',2021,9367056),
('GDL',2022,11403066),
('GDL',2023,10716680),
('GJT',2021,0),
('GJT',2022,0),
('GJT',2023,374397),
('GRR',2021,343997),
('GRR',2022,454359),
('GRR',2023,390470),
('GRO',2021,389085),
('GRO',2022,525138),
('GRO',2023,411151),
('GRV',2021,0),
('GRV',2022,0),
('GRV',2023,189848),
('GWD',2021,262362),
('GWD',2022,188094),
('GWD',2023,199139),
('HAR',2021,961491),
('HAR',2022,953369),
('HAR',2023,869126),
('HAY',2021,0),
('HAY',2022,163832),
('HAY',2023,100257),
('HOM',2021,0),
('HOM',2022,167312),
('HOM',2023,0),
('HOS',2021,2643353),
('HOS',2022,2050344),
('HOS',2023,9095852),
('HUD',2021,787741),
('HUD',2022,2209586),
('HUD',2023,1295575),
('IDP',2021,299386),
('IDP',2022,847198),
('IDP',2023,959053),
('IND',2021,8119628),
('IND',2022,9402425),
('IND',2023,10498635),
('IRV',2021,1415821),
('IRV',2022,2509152),
('IRV',2023,3084887),
('JXN',2021,491963),
('JXN',2022,455127),
('JXN',2023,509619),
('JAX',2021,4474653),
('JAX',2022,15468961),
('JAX',2023,17167492),
('JST',2021,22277226),
('JST',2022,101544),
('JST',2023,0),
('JOL',2021,0),
('JOL',2022,0),
('JOL',2023,134956),
('KAL',2021,1275575),
('KAL',2022,1574251),
('KAL',2023,1519640),
('KAN',2021,559868),
('KAN',2022,763521),
('KAN',2023,863287),
('KCY',2021,5363116),
('KCY',2022,4212847),
('KCY',2023,6222008),
('KIS',2021,437448),
('KIS',2022,500996),
('KIS',2023,254072),
('KFS',2021,176869),
('KFS',2022,0),
('KFS',2023,0),
('LAG',2021,1021994),
('LAG',2022,5921423),
('LAG',2023,14705305),
('LAJ',2021,535737),
('LAJ',2022,703137),
('LAJ',2023,681935),
('LAF',2021,0),
('LAF',2022,271378),
('LAF',2023,601949),
('LNC',2021,1407564),
('LNC',2022,584190),
('LNC',2023,241586),
('LAU',2021,364094),
('LAU',2022,580908),
('LAU',2023,107076),
('LRC',2021,441484),
('LRC',2022,0),
('LRC',2023,0),
('LCN',2021,0),
('LCN',2022,278398),
('LCN',2023,122987),
('LRK',2021,321321),
('LRK',2022,288350),
('LRK',2023,0),
('LAX',2021,6942468),
('LAX',2022,36860766),
('LAX',2023,34989341),
('MVN',2021,0),
('MVN',2022,124803),
('MVN',2023,0),
('MCK',2021,2974160),
('MCK',2022,9512292),
('MCK',2023,13029620),
('MEM',2021,12776627),
('MEM',2022,20269198),
('MEM',2023,20695744),
('MCD',2021,293521),
('MCD',2022,281587),
('MCD',2023,315512),
('MIA',2021,1527724),
('MIA',2022,2056881),
('MIA',2023,1724887),
('MID',2021,2268070),
('MID',2022,4640925),
('MID',2023,4627412),
('MKA',2021,3008822),
('MKA',2022,5901952),
('MKA',2023,6398936),
('MOT',2021,1048313),
('MOT',2022,2349028),
('MOT',2023,2985922),
('MNG',2021,638487),
('MNG',2022,1225032),
('MNG',2023,1692494),
('MTP',2021,2117006),
('MTP',2022,709642),
('MTP',2023,980554),
('MVW',2021,401552),
('MVW',2022,441521),
('MVW',2023,121543),
('NPV',2021,15219629),
('NPV',2022,26025113),
('NPV',2023,23516858),
('NBK',2021,0),
('NBK',2022,0),
('NBK',2023,163064),
('NHV',2021,0),
('NHV',2022,0),
('NHV',2023,374102),
('NLC',2021,330752),
('NLC',2022,0),
('NLC',2023,355396),
('NOL',2021,1363797),
('NOL',2022,1624206),
('NOL',2023,1990369),
('NRK',2021,13532112),
('NRK',2022,18010348),
('NRK',2023,61348180),
('NEW',2021,259429),
('NEW',2022,462092),
('NEW',2023,437450),
('NFL',2021,256476),
('NFL',2022,261112),
('NFL',2023,246688),
('NLS',2021,0),
('NLS',2022,123283),
('NLS',2023,159473),
('NFK',2021,2731587),
('NFK',2022,2819774),
('NFK',2023,5907263),
('OKJ',2021,426368),
('OKJ',2022,439794),
('OKJ',2023,118970),
('OSD',2021,0),
('OSD',2022,2357645),
('OSD',2023,1680462),
('OKC',2021,137303),
('OKC',2022,238875),
('OKC',2023,373154),
('OMA',2021,2900596),
('OMA',2022,3659986),
('OMA',2023,3613968),
('ORL',2021,1542070),
('ORL',2022,3243766),
('ORL',2023,3388178),
('PAK',2021,506865),
('PAK',2022,1495885),
('PAK',2023,194580),
('PHL',2021,130258873),
('PHL',2022,128167704),
('PHL',2023,216910482),
('PGH',2021,67220511),
('PGH',2022,43235513),
('PGH',2023,69058497),
('PLO',2021,10208347),
('PLO',2022,10583063),
('PLO',2023,14178518),
('PLB',2021,2902813),
('PLB',2022,388655),
('PLB',2023,294454),
('PTH',2021,1046532),
('PTH',2022,1186676),
('PTH',2023,1516968),
('POG',2021,194925),
('POG',2022,407303),
('POG',2023,136182),
('POR',2021,0),
('POR',2022,0),
('POR',2023,634232),
('PCT',2021,750897),
('PCT',2022,2112834),
('PCT',2023,1352563),
('PVD',2021,136313),
('PVD',2022,0),
('PVD',2023,872558),
('RGH',2021,859431),
('RGH',2022,1186138),
('RGH',2023,1537842),
('RPH',2021,10812973),
('RPH',2022,15299326),
('RPH',2023,18987935),
('RNO',2021,12772308),
('RNO',2022,9614818),
('RNO',2023,2591333),
('REN',2021,896541),
('REN',2022,275261),
('REN',2023,146988),
('RIC',2021,14865010),
('RIC',2022,40497092),
('RIC',2023,24328323),
('RIV',2021,1026284),
('RIV',2022,2421991),
('RIV',2023,2611906),
('ROC',2021,286091),
('ROC',2022,142441),
('ROC',2023,1058380),
('RLN',2021,1176295),
('RLN',2022,1938972),
('RLN',2023,1648833),
('RKV',2021,18781522),
('RKV',2022,26497387),
('RKV',2023,0),
('RMT',2021,247884),
('RMT',2022,171383),
('RMT',2023,0),
('RSV',2021,0),
('RSV',2022,815436),
('RSV',2023,0),
('SAC',2021,238013320),
('SAC',2022,267891551),
('SAC',2023,379903208),
('SLM',2021,0),
('SLM',2022,141212),
('SLM',2023,261169),
('SAL',2021,110318),
('SAL',2022,299007),
('SAL',2023,192330),
('SLC',2021,6249788),
('SLC',2022,7824662),
('SLC',2023,10054084),
('SAS',2021,237277),
('SAS',2022,456387),
('SAS',2023,362083),
('OLT',2021,3182705),
('OLT',2022,23511360),
('OLT',2023,25323089),
('SJC',2021,1591606),
('SJC',2022,2343045),
('SJC',2023,2514309),
('SLO',2021,0),
('SLO',2022,156680),
('SLO',2023,137654),
('SFA',2021,156555),
('SFA',2022,220879),
('SFA',2023,258386),
('SNA',2021,924576),
('SNA',2022,1071001),
('SNA',2023,1435861),
('SBA',2021,846344),
('SBA',2022,954967),
('SBA',2023,970761),
('SAV',2021,363480),
('SAV',2022,472736),
('SAV',2023,1340884),
('SDY',2021,155799),
('SDY',2022,249543),
('SDY',2023,281806),
('SEA',2021,6401625),
('SEA',2022,5797777),
('SEA',2023,9002036),
('SBG',2021,434036),
('SBG',2022,615505),
('SBG',2023,629221),
('SDL',2021,120349),
('SDL',2022,0),
('SDL',2023,0),
('SOB',2021,178014),
('SOB',2022,321027),
('SOB',2023,0),
('SPB',2021,0),
('SPB',2022,0),
('SPB',2023,116171),
('SPK',2021,104211247),
('SPK',2022,118417520),
('SPK',2023,134255005),
('SPI',2021,7902479),
('SPI',2022,11822869),
('SPI',2023,12375567),
('STL',2021,25113089),
('STL',2022,27599083),
('STL',2023,30278161),
('SKT',2021,212512),
('SKT',2022,172823),
('SKT',2023,274494),
('SVT',2021,0),
('SVT',2022,100975),
('SVT',2023,0),
('SYR',2021,413233),
('SYR',2022,727724),
('SYR',2023,377251),
('TAC',2021,2233846),
('TAC',2022,4971855),
('TAC',2023,5173708),
('TPA',2021,0),
('TPA',2022,1120296),
('TPA',2023,4799026),
('TOL',2021,267868),
('TOL',2022,324108),
('TOL',2023,464918),
('TOP',2021,0),
('TOP',2022,0),
('TOP',2023,874716),
('TRM',2021,508388),
('TRM',2022,1346584),
('TRM',2023,635453),
('VAC',2021,229805),
('VAC',2022,394359),
('VAC',2023,830710),
('WFD',2021,134241),
('WFD',2022,0),
('WFD',2023,278007),
('WHL',2021,379957),
('WHL',2022,490648),
('WHL',2023,459281),
('WBG',2021,0),
('WBG',2022,151258),
('WBG',2023,144651),
('WIL',2021,47261817),
('WIL',2022,5921590),
('WIL',2023,5932489),
('WLO',2021,0),
('WLO',2022,150766),
('WLO',2023,0),
('WOB',2021,100316),
('WOB',2022,0),
('WOB',2023,0),
('WOR',2021,244445),
('WOR',2022,237315),
('WOR',2023,291966),
('YNY',2021,154772),
('YNY',2022,182865),
('YNY',2023,194652)


--Budget
CREATE TABLE [OnTrack.Budget](
	stationCityCode CHAR(3) NOT NULL,
	budgetType VARCHAR(20) NOT NULL,
	budgetYear INTEGER NOT NULL,
	budgetAmt INTEGER,
	budgetPlanYear INTEGER,
	budgetTotal INTEGER,
	CONSTRAINT pk_Budget_stationCityCode__budgetType_budgetYear PRIMARY KEY (stationCityCode, budgetType, budgetYear),
	CONSTRAINT fk_Budget_stationCityCode FOREIGN KEY (stationCityCode) 
		REFERENCES [OnTrack.StationCity] (stationCityCode) 
		ON DELETE CASCADE ON UPDATE CASCADE)

INSERT INTO [OnTrack.Budget] VALUES
('ATL','Design',2022,658,2016,709),
('ATL','Design',2023,0,2016,709),
('ATL','Design',2024,51,2016,709),
('ATL','Design',2025,0,2016,709),
('ATL','Design',2026,0,2016,709),
('ELK','Design',2022,459,2016,460),
('ELK','Design',2023,1,2016,460),
('ELK','Design',2024,0,2016,460),
('ELK','Design',2025,0,2016,460),
('ELK','Design',2026,0,2016,460),
('HFY','Design',2022,1017,2016,1210),
('HFY','Design',2023,18,2016,1210),
('HFY','Design',2024,175,2016,1210),
('HFY','Design',2025,0,2016,1210),
('HFY','Design',2026,0,2016,1210),
('ABE','Design',2022,442,2017,1165),
('ABE','Design',2023,608,2017,1165),
('ABE','Design',2024,56,2017,1165),
('ABE','Design',2025,58,2017,1165),
('ABE','Design',2026,0,2017,1165),
('KWD','Design',2022,528,2017,578),
('KWD','Design',2023,43,2017,578),
('KWD','Design',2024,7,2017,578),
('KWD','Design',2025,0,2017,578),
('KWD','Design',2026,0,2017,578),
('CTL','Design',2022,379,2018,395),
('CTL','Design',2023,16,2018,395),
('CTL','Design',2024,0,2018,395),
('CTL','Design',2025,0,2018,395),
('CTL','Design',2026,0,2018,395),
('LAB','Design',2022,336,2018,377),
('LAB','Design',2023,41,2018,377),
('LAB','Design',2024,0,2018,377),
('LAB','Design',2025,0,2018,377),
('LAB','Design',2026,0,2018,377),
('TRU','Design',2022,300,2018,302),
('TRU','Design',2023,1,2018,302),
('TRU','Design',2024,0,2018,302),
('TRU','Design',2025,0,2018,302),
('TRU','Design',2026,0,2018,302),
('FAY','Design',2022,293,2019,299),
('FAY','Design',2023,6,2019,299),
('FAY','Design',2024,0,2019,299),
('FAY','Design',2025,0,2019,299),
('FAY','Design',2026,0,2019,299),
('FMG','Design',2022,129,2019,145),
('FMG','Design',2023,15,2019,145),
('FMG','Design',2024,0,2019,145),
('FMG','Design',2025,0,2019,145),
('FMG','Design',2026,0,2019,145),
('GSC','Design',2022,160,2019,294),
('GSC','Design',2023,74,2019,294),
('GSC','Design',2024,59,2019,294),
('GSC','Design',2025,0,2019,294),
('GSC','Design',2026,0,2019,294),
('PTH','Design',2022,468,2019,485),
('PTH','Design',2023,17,2019,485),
('PTH','Design',2024,0,2019,485),
('PTH','Design',2025,0,2019,485),
('PTH','Design',2026,0,2019,485),
('AMS','Design',2022,273,2020,275),
('AMS','Design',2023,1,2020,275),
('AMS','Design',2024,0,2020,275),
('AMS','Design',2025,0,2020,275),
('AMS','Design',2026,0,2020,275),
('BAR','Design',2022,354,2020,354),
('BAR','Design',2023,0,2020,354),
('BAR','Design',2024,0,2020,354),
('BAR','Design',2025,0,2020,354),
('BAR','Design',2026,0,2020,354),
('BRA','Design',2022,804,2020,947),
('BRA','Design',2023,143,2020,947),
('BRA','Design',2024,0,2020,947),
('BRA','Design',2025,0,2020,947),
('BRA','Design',2026,0,2020,947),
('DOA','Design',2022,358,2020,358),
('DOA','Design',2023,0,2020,358),
('DOA','Design',2024,0,2020,358),
('DOA','Design',2025,0,2020,358),
('DOA','Design',2026,0,2020,358),
('LAJ','Design',2022,477,2020,479),
('LAJ','Design',2023,2,2020,479),
('LAJ','Design',2024,0,2020,479),
('LAJ','Design',2025,0,2020,479),
('LAJ','Design',2026,0,2020,479),
('MIA','Design',2022,507,2020,489),
('MIA','Design',2023,18,2020,489),
('MIA','Design',2024,0,2020,489),
('MIA','Design',2025,0,2020,489),
('MIA','Design',2026,0,2020,489),
('PLO','Design',2022,345,2020,452),
('PLO','Design',2023,85,2020,452),
('PLO','Design',2024,22,2020,452),
('PLO','Design',2025,0,2020,452),
('PLO','Design',2026,0,2020,452),
('POS','Design',2022,230,2020,237),
('POS','Design',2023,6,2020,237),
('POS','Design',2024,0,2020,237),
('POS','Design',2025,0,2020,237),
('POS','Design',2026,0,2020,237),
('PSN','Design',2022,188,2020,190),
('PSN','Design',2023,2,2020,190),
('PSN','Design',2024,0,2020,190),
('PSN','Design',2025,0,2020,190),
('PSN','Design',2026,0,2020,190),
('RHI','Design',2022,1032,2020,1521),
('RHI','Design',2023,477,2020,1521),
('RHI','Design',2024,12,2020,1521),
('RHI','Design',2025,0,2020,1521),
('RHI','Design',2026,0,2020,1521),
('VRV','Design',2022,210,2020,212),
('VRV','Design',2023,2,2020,212),
('VRV','Design',2024,0,2020,212),
('VRV','Design',2025,0,2020,212),
('VRV','Design',2026,0,2020,212),
('WGL','Design',2022,242,2020,248),
('WGL','Design',2023,7,2020,248),
('WGL','Design',2024,0,2020,248),
('WGL','Design',2025,0,2020,248),
('WGL','Design',2026,0,2020,248),
('WLO','Design',2022,302,2020,304),
('WLO','Design',2023,3,2020,304),
('WLO','Design',2024,0,2020,304),
('WLO','Design',2025,0,2020,304),
('WLO','Design',2026,0,2020,304),
('YUM','Design',2022,661,2020,793),
('YUM','Design',2023,72,2020,793),
('YUM','Design',2024,59,2020,793),
('YUM','Design',2025,0,2020,793),
('YUM','Design',2026,0,2020,793),
('ATN','Design',2022,62,2021,591),
('ATN','Design',2023,461,2021,591),
('ATN','Design',2024,69,2021,591),
('ATN','Design',2025,0,2021,591),
('ATN','Design',2026,0,2021,591),
('AUS','Design',2022,330,2021,331),
('AUS','Design',2023,1,2021,331),
('AUS','Design',2024,0,2021,331),
('AUS','Design',2025,0,2021,331),
('AUS','Design',2026,0,2021,331),
('BWI','Design',2022,414,2021,641),
('BWI','Design',2023,228,2021,641),
('BWI','Design',2024,0,2021,641),
('BWI','Design',2025,0,2021,641),
('BWI','Design',2026,0,2021,641),
('COX','Design',2022,150,2021,398),
('COX','Design',2023,247,2021,398),
('COX','Design',2024,0,2021,398),
('COX','Design',2025,0,2021,398),
('COX','Design',2026,0,2021,398),
('CVS','Design',2022,342,2021,560),
('CVS','Design',2023,198,2021,560),
('CVS','Design',2024,19,2021,560),
('CVS','Design',2025,0,2021,560),
('CVS','Design',2026,0,2021,560),
('DAV','Design',2022,754,2021,1549),
('DAV','Design',2023,417,2021,1549),
('DAV','Design',2024,379,2021,1549),
('DAV','Design',2025,0,2021,1549),
('DAV','Design',2026,0,2021,1549),
('DEM','Design',2022,27,2021,298),
('DEM','Design',2023,187,2021,298),
('DEM','Design',2024,83,2021,298),
('DEM','Design',2025,0,2021,298),
('DEM','Design',2026,0,2021,298),
('ELT','Design',2022,39,2021,485),
('ELT','Design',2023,129,2021,485),
('ELT','Design',2024,168,2021,485),
('ELT','Design',2025,149,2021,485),
('ELT','Design',2026,0,2021,485),
('EMY','Design',2022,101,2021,528),
('EMY','Design',2023,298,2021,528),
('EMY','Design',2024,129,2021,528),
('EMY','Design',2025,0,2021,528),
('EMY','Design',2026,0,2021,528),
('FTN','Design',2022,320,2021,614),
('FTN','Design',2023,259,2021,614),
('FTN','Design',2024,35,2021,614),
('FTN','Design',2025,0,2021,614),
('FTN','Design',2026,0,2021,614),
('GAC','Design',2022,315,2021,434),
('GAC','Design',2023,96,2021,434),
('GAC','Design',2024,22,2021,434),
('GAC','Design',2025,0,2021,434),
('GAC','Design',2026,0,2021,434),
('GNS','Design',2022,312,2021,442),
('GNS','Design',2023,129,2021,442),
('GNS','Design',2024,0,2021,442),
('GNS','Design',2025,0,2021,442),
('GNS','Design',2026,0,2021,442),
('GRA','Design',2022,132,2021,495),
('GRA','Design',2023,363,2021,495),
('GRA','Design',2024,0,2021,495),
('GRA','Design',2025,0,2021,495),
('GRA','Design',2026,0,2021,495),
('HGD','Design',2022,294,2021,288),
('HGD','Design',2023,6,2021,288),
('HGD','Design',2024,0,2021,288),
('HGD','Design',2025,0,2021,288),
('HGD','Design',2026,0,2021,288),
('JAX','Design',2022,442,2021,818),
('JAX','Design',2023,377,2021,818),
('JAX','Design',2024,0,2021,818),
('JAX','Design',2025,0,2021,818),
('JAX','Design',2026,0,2021,818),
('KCY','Design',2022,405,2021,624),
('KCY','Design',2023,219,2021,624),
('KCY','Design',2024,0,2021,624),
('KCY','Design',2025,0,2021,624),
('KCY','Design',2026,0,2021,624),
('LDB','Design',2022,190,2021,242),
('LDB','Design',2023,53,2021,242),
('LDB','Design',2024,0,2021,242),
('LDB','Design',2025,0,2021,242),
('LDB','Design',2026,0,2021,242),
('LFT','Design',2022,141,2021,526),
('LFT','Design',2023,385,2021,526),
('LFT','Design',2024,0,2021,526),
('LFT','Design',2025,0,2021,526),
('LFT','Design',2026,0,2021,526),
('LNC','Design',2022,169,2021,206),
('LNC','Design',2023,37,2021,206),
('LNC','Design',2024,0,2021,206),
('LNC','Design',2025,0,2021,206),
('LNC','Design',2026,0,2021,206),
('LOD','Design',2022,213,2021,247),
('LOD','Design',2023,29,2021,247),
('LOD','Design',2024,5,2021,247),
('LOD','Design',2025,0,2021,247),
('LOD','Design',2026,0,2021,247),
('MAY','Design',2022,238,2021,371),
('MAY','Design',2023,133,2021,371),
('MAY','Design',2024,0,2021,371),
('MAY','Design',2025,0,2021,371),
('MAY','Design',2026,0,2021,371),
('MIN','Design',2022,242,2021,278),
('MIN','Design',2023,36,2021,278),
('MIN','Design',2024,0,2021,278),
('MIN','Design',2025,0,2021,278),
('MIN','Design',2026,0,2021,278),
('OKJ','Design',2022,76,2021,824),
('OKJ','Design',2023,332,2021,824),
('OKJ','Design',2024,402,2021,824),
('OKJ','Design',2025,14,2021,824),
('OKJ','Design',2026,0,2021,824),
('PHN','Design',2022,138,2021,676),
('PHN','Design',2023,377,2021,676),
('PHN','Design',2024,160,2021,676),
('PHN','Design',2025,0,2021,676),
('PHN','Design',2026,0,2021,676),
('PRC','Design',2022,236,2021,321),
('PRC','Design',2023,85,2021,321),
('PRC','Design',2024,0,2021,321),
('PRC','Design',2025,0,2021,321),
('PRC','Design',2026,0,2021,321),
('PVL','Design',2022,234,2021,264),
('PVL','Design',2023,30,2021,264),
('PVL','Design',2024,0,2021,264),
('PVL','Design',2025,0,2021,264),
('PVL','Design',2026,0,2021,264),
('SAV','Design',2022,186,2021,634),
('SAV','Design',2023,379,2021,634),
('SAV','Design',2024,69,2021,634),
('SAV','Design',2025,0,2021,634),
('SAV','Design',2026,0,2021,634),
('SDL','Design',2022,250,2021,475),
('SDL','Design',2023,225,2021,475),
('SDL','Design',2024,0,2021,475),
('SDL','Design',2025,0,2021,475),
('SDL','Design',2026,0,2021,475),
('SNS','Design',2022,310,2021,421),
('SNS','Design',2023,111,2021,421),
('SNS','Design',2024,0,2021,421),
('SNS','Design',2025,0,2021,421),
('SNS','Design',2026,0,2021,421),
('STN','Design',2022,96,2021,97),
('STN','Design',2023,1,2021,97),
('STN','Design',2024,0,2021,97),
('STN','Design',2025,0,2021,97),
('STN','Design',2026,0,2021,97),
('TAY','Design',2022,216,2021,241),
('TAY','Design',2023,20,2021,241),
('TAY','Design',2024,5,2021,241),
('TAY','Design',2025,0,2021,241),
('TAY','Design',2026,0,2021,241),
('TRI','Design',2022,48,2021,205),
('TRI','Design',2023,157,2021,205),
('TRI','Design',2024,0,2021,205),
('TRI','Design',2025,0,2021,205),
('TRI','Design',2026,0,2021,205),
('WSS','Design',2022,122,2021,287),
('WSS','Design',2023,139,2021,287),
('WSS','Design',2024,26,2021,287),
('WSS','Design',2025,0,2021,287),
('WSS','Design',2026,0,2021,287),
('ADM','Design',2022,191,2022,283),
('ADM','Design',2023,92,2022,283),
('ADM','Design',2024,0,2022,283),
('ADM','Design',2025,0,2022,283),
('ADM','Design',2026,0,2022,283),
('ARK','Design',2022,224,2022,247),
('ARK','Design',2023,23,2022,247),
('ARK','Design',2024,0,2022,247),
('ARK','Design',2025,0,2022,247),
('ARK','Design',2026,0,2022,247),
('BEN','Design',2022,129,2022,223),
('BEN','Design',2023,94,2022,223),
('BEN','Design',2024,0,2022,223),
('BEN','Design',2025,0,2022,223),
('BEN','Design',2026,0,2022,223),
('BHM','Design',2022,227,2022,870),
('BHM','Design',2023,643,2022,870),
('BHM','Design',2024,0,2022,870),
('BHM','Design',2025,0,2022,870),
('BHM','Design',2026,0,2022,870),
('BUF','Design',2022,6,2022,100),
('BUF','Design',2023,94,2022,100),
('BUF','Design',2024,0,2022,100),
('BUF','Design',2025,0,2022,100),
('BUF','Design',2026,0,2022,100),
('DLK','Design',2022,257,2022,310),
('DLK','Design',2023,53,2022,310),
('DLK','Design',2024,0,2022,310),
('DLK','Design',2025,0,2022,310),
('DLK','Design',2026,0,2022,310),
('ELP','Design',2022,103,2022,428),
('ELP','Design',2023,100,2022,428),
('ELP','Design',2024,225,2022,428),
('ELP','Design',2025,0,2022,428),
('ELP','Design',2026,0,2022,428),
('FLO','Design',2022,96,2022,488),
('FLO','Design',2023,387,2022,488),
('FLO','Design',2024,5,2022,488),
('FLO','Design',2025,0,2022,488),
('FLO','Design',2026,0,2022,488),
('FUL','Design',2022,23,2022,241),
('FUL','Design',2023,219,2022,241),
('FUL','Design',2024,0,2022,241),
('FUL','Design',2025,0,2022,241),
('FUL','Design',2026,0,2022,241),
('GGW','Design',2022,43,2022,216),
('GGW','Design',2023,172,2022,216),
('GGW','Design',2024,1,2022,216),
('GGW','Design',2025,0,2022,216),
('GGW','Design',2026,0,2022,216),
('GLE','Design',2022,25,2022,328),
('GLE','Design',2023,300,2022,328),
('GLE','Design',2024,3,2022,328),
('GLE','Design',2025,0,2022,328),
('GLE','Design',2026,0,2022,328),
('GNB','Design',2022,206,2022,768),
('GNB','Design',2023,562,2022,768),
('GNB','Design',2024,1,2022,768),
('GNB','Design',2025,0,2022,768),
('GNB','Design',2026,0,2022,768),
('HAM','Design',2022,150,2022,346),
('HAM','Design',2023,196,2022,346),
('HAM','Design',2024,0,2022,346),
('HAM','Design',2025,0,2022,346),
('HAM','Design',2026,0,2022,346),
('HBG','Design',2022,61,2022,675),
('HBG','Design',2023,609,2022,675),
('HBG','Design',2024,4,2022,675),
('HBG','Design',2025,0,2022,675),
('HBG','Design',2026,0,2022,675),
('HMD','Design',2022,135,2022,301),
('HMD','Design',2023,166,2022,301),
('HMD','Design',2024,0,2022,301),
('HMD','Design',2025,0,2022,301),
('HMD','Design',2026,0,2022,301),
('HOS','Design',2022,175,2022,341),
('HOS','Design',2023,164,2022,341),
('HOS','Design',2024,2,2022,341),
('HOS','Design',2025,0,2022,341),
('HOS','Design',2026,0,2022,341),
('JAN','Design',2022,177,2022,486),
('JAN','Design',2023,305,2022,486),
('JAN','Design',2024,4,2022,486),
('JAN','Design',2025,0,2022,486),
('JAN','Design',2026,0,2022,486),
('LEE','Design',2022,81,2022,250),
('LEE','Design',2023,169,2022,250),
('LEE','Design',2024,1,2022,250),
('LEE','Design',2025,0,2022,250),
('LEE','Design',2026,0,2022,250),
('LMR','Design',2022,46,2022,102),
('LMR','Design',2023,56,2022,102),
('LMR','Design',2024,0,2022,102),
('LMR','Design',2025,0,2022,102),
('LMR','Design',2026,0,2022,102),
('LRK','Design',2022,302,2022,487),
('LRK','Design',2023,175,2022,487),
('LRK','Design',2024,10,2022,487),
('LRK','Design',2025,0,2022,487),
('LRK','Design',2026,0,2022,487),
('LSV','Design',2022,204,2022,395),
('LSV','Design',2023,191,2022,395),
('LSV','Design',2024,0,2022,395),
('LSV','Design',2025,0,2022,395),
('LSV','Design',2026,0,2022,395),
('MAL','Design',2022,85,2022,406),
('MAL','Design',2023,320,2022,406),
('MAL','Design',2024,1,2022,406),
('MAL','Design',2025,0,2022,406),
('MAL','Design',2026,0,2022,406),
('MEI','Design',2022,205,2022,411),
('MEI','Design',2023,206,2022,411),
('MEI','Design',2024,0,2022,411),
('MEI','Design',2025,0,2022,411),
('MEI','Design',2026,0,2022,411),
('MRC','Design',2022,132,2022,213),
('MRC','Design',2023,81,2022,213),
('MRC','Design',2024,0,2022,213),
('MRC','Design',2025,0,2022,213),
('MRC','Design',2026,0,2022,213),
('MVN','Design',2022,42,2022,213),
('MVN','Design',2023,171,2022,213),
('MVN','Design',2024,0,2022,213),
('MVN','Design',2025,0,2022,213),
('MVN','Design',2026,0,2022,213),
('NIB','Design',2022,106,2022,439),
('NIB','Design',2023,333,2022,439),
('NIB','Design',2024,1,2022,439),
('NIB','Design',2025,0,2022,439),
('NIB','Design',2026,0,2022,439),
('NLC','Design',2022,8,2022,513),
('NLC','Design',2023,505,2022,513),
('NLC','Design',2024,0,2022,513),
('NLC','Design',2025,0,2022,513),
('NLC','Design',2026,0,2022,513),
('OKC','Design',2022,52,2022,291),
('OKC','Design',2023,239,2022,291),
('OKC','Design',2024,0,2022,291),
('OKC','Design',2025,0,2022,291),
('OKC','Design',2026,0,2022,291),
('OSB','Design',2022,299,2022,375),
('OSB','Design',2023,76,2022,375),
('OSB','Design',2024,0,2022,375),
('OSB','Design',2025,0,2022,375),
('OSB','Design',2026,0,2022,375),
('OSC','Design',2022,55,2022,473),
('OSC','Design',2023,417,2022,473),
('OSC','Design',2024,1,2022,473),
('OSC','Design',2025,0,2022,473),
('OSC','Design',2026,0,2022,473),
('PGH','Design',2022,256,2022,577),
('PGH','Design',2023,320,2022,577),
('PGH','Design',2024,1,2022,577),
('PGH','Design',2025,0,2022,577),
('PGH','Design',2026,0,2022,577),
('PUR','Design',2022,96,2022,312),
('PUR','Design',2023,215,2022,312),
('PUR','Design',2024,1,2022,312),
('PUR','Design',2025,0,2022,312),
('PUR','Design',2026,0,2022,312),
('PVD','Design',2022,204,2022,301),
('PVD','Design',2023,98,2022,301),
('PVD','Design',2024,0,2022,301),
('PVD','Design',2025,0,2022,301),
('PVD','Design',2026,0,2022,301),
('RTE','Design',2022,102,2022,269),
('RTE','Design',2023,167,2022,269),
('RTE','Design',2024,0,2022,269),
('RTE','Design',2025,0,2022,269),
('RTE','Design',2026,0,2022,269),
('SAR','Design',2022,34,2022,333),
('SAR','Design',2023,263,2022,333),
('SAR','Design',2024,35,2022,333),
('SAR','Design',2025,1,2022,333),
('SAR','Design',2026,0,2022,333),
('SCH','Design',2022,69,2022,198),
('SCH','Design',2023,128,2022,198),
('SCH','Design',2024,1,2022,198),
('SCH','Design',2025,0,2022,198),
('SCH','Design',2026,0,2022,198),
('SED','Design',2022,113,2022,201),
('SED','Design',2023,87,2022,201),
('SED','Design',2024,0,2022,201),
('SED','Design',2025,0,2022,201),
('SED','Design',2026,0,2022,201),
('SNC','Design',2022,35,2022,120),
('SNC','Design',2023,85,2022,120),
('SNC','Design',2024,0,2022,120),
('SNC','Design',2025,0,2022,120),
('SNC','Design',2026,0,2022,120),
('SPL','Design',2022,125,2022,428),
('SPL','Design',2023,303,2022,428),
('SPL','Design',2024,1,2022,428),
('SPL','Design',2025,0,2022,428),
('SPL','Design',2026,0,2022,428),
('TUS','Design',2022,69,2022,326),
('TUS','Design',2023,256,2022,326),
('TUS','Design',2024,1,2022,326),
('TUS','Design',2025,0,2022,326),
('TUS','Design',2026,0,2022,326),
('WAH','Design',2022,80,2022,249),
('WAH','Design',2023,169,2022,249),
('WAH','Design',2024,1,2022,249),
('WAH','Design',2025,0,2022,249),
('WAH','Design',2026,0,2022,249),
('WNR','Design',2022,117,2022,344),
('WNR','Design',2023,220,2022,344),
('WNR','Design',2024,7,2022,344),
('WNR','Design',2025,0,2022,344),
('WNR','Design',2026,0,2022,344),
('WOB','Design',2022,3,2022,325),
('WOB','Design',2023,320,2022,325),
('WOB','Design',2024,2,2022,325),
('WOB','Design',2025,0,2022,325),
('WOB','Design',2026,0,2022,325),
('ABQ','Design',2022,0,2023,0),
('ABQ','Design',2023,0,2023,0),
('ABQ','Design',2024,300,2023,0),
('ABQ','Design',2025,0,2023,0),
('ABQ','Design',2026,0,2023,0),
('ALT','Design',2022,0,2023,0),
('ALT','Design',2023,330,2023,0),
('ALT','Design',2024,120,2023,0),
('ALT','Design',2025,1,2023,0),
('ALT','Design',2026,0,2023,0),
('BON','Design',2022,0,2023,300),
('BON','Design',2023,297,2023,300),
('BON','Design',2024,3,2023,300),
('BON','Design',2025,0,2023,300),
('BON','Design',2026,0,2023,300),
('CEN','Design',2022,0,2023,741),
('CEN','Design',2023,383,2023,741),
('CEN','Design',2024,357,2023,741),
('CEN','Design',2025,1,2023,741),
('CEN','Design',2026,0,2023,741),
('CHI','Design',2022,0,2023,620),
('CHI','Design',2023,363,2023,620),
('CHI','Design',2024,256,2023,620),
('CHI','Design',2025,1,2023,620),
('CHI','Design',2026,0,2023,620),
('CHM','Design',2022,0,2023,466),
('CHM','Design',2023,274,2023,466),
('CHM','Design',2024,191,2023,466),
('CHM','Design',2025,1,2023,466),
('CHM','Design',2026,0,2023,466),
('CIN','Design',2022,0,2023,565),
('CIN','Design',2023,115,2023,565),
('CIN','Design',2024,450,2023,565),
('CIN','Design',2025,0,2023,565),
('CIN','Design',2026,0,2023,565),
('CLE','Design',2022,0,2023,595),
('CLE','Design',2023,307,2023,595),
('CLE','Design',2024,287,2023,595),
('CLE','Design',2025,1,2023,595),
('CLE','Design',2026,0,2023,595),
('CSN','Design',2022,0,2023,472),
('CSN','Design',2023,214,2023,472),
('CSN','Design',2024,257,2023,472),
('CSN','Design',2025,1,2023,472),
('CSN','Design',2026,0,2023,472),
('DIL','Design',2022,0,2023,311),
('DIL','Design',2023,281,2023,311),
('DIL','Design',2024,30,2023,311),
('DIL','Design',2025,0,2023,311),
('DIL','Design',2026,0,2023,311),
('DLD','Design',2022,0,2023,300),
('DLD','Design',2023,195,2023,300),
('DLD','Design',2024,104,2023,300),
('DLD','Design',2025,1,2023,300),
('DLD','Design',2026,0,2023,300),
('DQN','Design',2022,0,2023,309),
('DQN','Design',2023,204,2023,309),
('DQN','Design',2024,105,2023,309),
('DQN','Design',2025,0,2023,309),
('DQN','Design',2026,0,2023,309),
('ELY','Design',2022,0,2023,1091),
('ELY','Design',2023,344,2023,1091),
('ELY','Design',2024,746,2023,1091),
('ELY','Design',2025,2,2023,1091),
('ELY','Design',2026,0,2023,1091),
('ERI','Design',2022,0,2023,300),
('ERI','Design',2023,119,2023,300),
('ERI','Design',2024,181,2023,300),
('ERI','Design',2025,0,2023,300),
('ERI','Design',2026,0,2023,300),
('GCK','Design',2022,0,2023,268),
('GCK','Design',2023,134,2023,268),
('GCK','Design',2024,134,2023,268),
('GCK','Design',2025,0,2023,268),
('GCK','Design',2026,0,2023,268),
('GLP','Design',2022,0,2023,405),
('GLP','Design',2023,136,2023,405),
('GLP','Design',2024,269,2023,405),
('GLP','Design',2025,1,2023,405),
('GLP','Design',2026,0,2023,405),
('HFD','Design',2022,0,2023,295),
('HFD','Design',2023,100,2023,295),
('HFD','Design',2024,194,2023,295),
('HFD','Design',2025,0,2023,295),
('HFD','Design',2026,0,2023,295),
('HUN','Design',2022,0,2023,295),
('HUN','Design',2023,100,2023,295),
('HUN','Design',2024,194,2023,295),
('HUN','Design',2025,0,2023,295),
('HUN','Design',2026,0,2023,295),
('JSP','Design',2022,0,2023,335),
('JSP','Design',2023,123,2023,335),
('JSP','Design',2024,212,2023,335),
('JSP','Design',2025,0,2023,335),
('JSP','Design',2026,0,2023,335),
('KEL','Design',2022,0,2023,300),
('KEL','Design',2023,105,2023,300),
('KEL','Design',2024,194,2023,300),
('KEL','Design',2025,0,2023,300),
('KEL','Design',2026,0,2023,300),
('KKI','Design',2022,0,2023,510),
('KKI','Design',2023,177,2023,510),
('KKI','Design',2024,332,2023,510),
('KKI','Design',2025,1,2023,510),
('KKI','Design',2026,0,2023,510),
('KTR','Design',2022,0,2023,300),
('KTR','Design',2023,105,2023,300),
('KTR','Design',2024,194,2023,300),
('KTR','Design',2025,0,2023,300),
('KTR','Design',2026,0,2023,300),
('LAX','Design',2022,0,2023,237),
('LAX','Design',2023,122,2023,237),
('LAX','Design',2024,115,2023,237),
('LAX','Design',2025,0,2023,237),
('LAX','Design',2026,0,2023,237),
('LEW','Design',2022,0,2023,597),
('LEW','Design',2023,181,2023,597),
('LEW','Design',2024,416,2023,597),
('LEW','Design',2025,1,2023,597),
('LEW','Design',2026,0,2023,597),
('LSE','Design',2022,0,2023,300),
('LSE','Design',2023,111,2023,300),
('LSE','Design',2024,188,2023,300),
('LSE','Design',2025,0,2023,300),
('LSE','Design',2026,0,2023,300),
('LYH','Design',2022,0,2023,300),
('LYH','Design',2023,90,2023,300),
('LYH','Design',2024,210,2023,300),
('LYH','Design',2025,0,2023,300),
('LYH','Design',2026,0,2023,300),
('MSS','Design',2022,0,2023,262),
('MSS','Design',2023,86,2023,262),
('MSS','Design',2024,176,2023,262),
('MSS','Design',2025,0,2023,262),
('MSS','Design',2026,0,2023,262),
('NOR','Design',2022,0,2023,284),
('NOR','Design',2023,67,2023,284),
('NOR','Design',2024,204,2023,284),
('NOR','Design',2025,13,2023,284),
('NOR','Design',2026,0,2023,284),
('PAR','Design',2022,0,2023,300),
('PAR','Design',2023,69,2023,300),
('PAR','Design',2024,230,2023,300),
('PAR','Design',2025,1,2023,300),
('PAR','Design',2026,0,2023,300),
('PDX','Design',2022,0,2023,300),
('PDX','Design',2023,148,2023,300),
('PDX','Design',2024,152,2023,300),
('PDX','Design',2025,0,2023,300),
('PDX','Design',2026,0,2023,300),
('PSC','Design',2022,0,2023,612),
('PSC','Design',2023,219,2023,612),
('PSC','Design',2024,391,2023,612),
('PSC','Design',2025,1,2023,612),
('PSC','Design',2026,0,2023,612),
('SDY','Design',2022,0,2023,300),
('SDY','Design',2023,141,2023,300),
('SDY','Design',2024,158,2023,300),
('SDY','Design',2025,0,2023,300),
('SDY','Design',2026,0,2023,300),
('SKY','Design',2022,0,2023,332),
('SKY','Design',2023,127,2023,332),
('SKY','Design',2024,205,2023,332),
('SKY','Design',2025,0,2023,332),
('SKY','Design',2026,0,2023,332),
('SLM','Design',2022,0,2023,353),
('SLM','Design',2023,136,2023,353),
('SLM','Design',2024,217,2023,353),
('SLM','Design',2025,0,2023,353),
('SLM','Design',2026,0,2023,353),
('SPI','Design',2022,0,2023,300),
('SPI','Design',2023,33,2023,300),
('SPI','Design',2024,0,2023,300),
('SPI','Design',2025,267,2023,300),
('SPI','Design',2026,0,2023,300),
('SUI','Design',2022,0,2023,300),
('SUI','Design',2023,132,2023,300),
('SUI','Design',2024,168,2023,300),
('SUI','Design',2025,0,2023,300),
('SUI','Design',2026,0,2023,300),
('TXA','Design',2022,0,2023,50),
('TXA','Design',2023,50,2023,50),
('TXA','Design',2024,0,2023,50),
('TXA','Design',2025,0,2023,50),
('TXA','Design',2026,0,2023,50),
('VAN','Design',2022,0,2023,300),
('VAN','Design',2023,127,2023,300),
('VAN','Design',2024,172,2023,300),
('VAN','Design',2025,0,2023,300),
('VAN','Design',2026,0,2023,300),
('WDL','Design',2022,2,2023,381),
('WDL','Design',2023,254,2023,381),
('WDL','Design',2024,126,2023,381),
('WDL','Design',2025,0,2023,381),
('WDL','Design',2026,0,2023,381),
('WEN','Design',2022,0,2023,683),
('WEN','Design',2023,253,2023,683),
('WEN','Design',2024,430,2023,683),
('WEN','Design',2025,1,2023,683),
('WEN','Design',2026,0,2023,683),
('WIP','Design',2022,1,2023,776),
('WIP','Design',2023,231,2023,776),
('WIP','Design',2024,543,2023,776),
('WIP','Design',2025,1,2023,776),
('WIP','Design',2026,0,2023,776),
('WTH','Design',2022,0,2023,300),
('WTH','Design',2023,113,2023,300),
('WTH','Design',2024,187,2023,300),
('WTH','Design',2025,0,2023,300),
('WTH','Design',2026,0,2023,300),
('BTL','Design',2022,0,2024,300),
('BTL','Design',2023,0,2024,300),
('BTL','Design',2024,186,2024,300),
('BTL','Design',2025,114,2024,300),
('BTL','Design',2026,0,2024,300),
('EUG','Design',2022,0,2024,300),
('EUG','Design',2023,0,2024,300),
('EUG','Design',2024,187,2024,300),
('EUG','Design',2025,113,2024,300),
('EUG','Design',2026,0,2024,300),
('MHL','Design',2022,0,2024,100),
('MHL','Design',2023,0,2024,100),
('MHL','Design',2024,100,2024,100),
('MHL','Design',2025,0,2024,100),
('MHL','Design',2026,0,2024,100),
('WIN','Design',2022,0,2024,300),
('WIN','Design',2023,0,2024,300),
('WIN','Design',2024,182,2024,300),
('WIN','Design',2025,118,2024,300),
('WIN','Design',2026,0,2024,300),
('FMT','Construction',2022,1086,2020,2638),
('FMT','Construction',2023,1551,2020,2638),
('FMT','Construction',2024,0,2020,2638),
('FMT','Construction',2025,0,2020,2638),
('FMT','Construction',2026,0,2020,2638),
('HAY','Construction',2022,1501,2020,3853),
('HAY','Construction',2023,2352,2020,3853),
('HAY','Construction',2024,0,2020,3853),
('HAY','Construction',2025,0,2020,3853),
('HAY','Construction',2026,0,2020,3853),
('MTZ','Construction',2022,3902,2020,5524),
('MTZ','Construction',2023,1622,2020,5524),
('MTZ','Construction',2024,0,2020,5524),
('MTZ','Construction',2025,0,2020,5524),
('MTZ','Construction',2026,0,2020,5524),
('DVL','Construction',2022,731,2021,2540),
('DVL','Construction',2023,1216,2021,2540),
('DVL','Construction',2024,593,2021,2540),
('DVL','Construction',2025,0,2021,2540),
('DVL','Construction',2026,0,2021,2540),
('FAR','Construction',2022,1561,2021,2882),
('FAR','Construction',2023,1321,2021,2882),
('FAR','Construction',2024,0,2021,2882),
('FAR','Construction',2025,0,2021,2882),
('FAR','Construction',2026,0,2021,2882),
('GRI','Construction',2022,998,2021,2118),
('GRI','Construction',2023,1121,2021,2118),
('GRI','Construction',2024,0,2021,2118),
('GRI','Construction',2025,0,2021,2118),
('GRI','Construction',2026,0,2021,2118),
('JEF','Construction',2022,274,2021,1333),
('JEF','Construction',2023,1059,2021,1333),
('JEF','Construction',2024,0,2021,1333),
('JEF','Construction',2025,0,2021,1333),
('JEF','Construction',2026,0,2021,1333),
('RLN','Construction',2022,37,2021,4104),
('RLN','Construction',2023,1429,2021,4104),
('RLN','Construction',2024,2637,2021,4104),
('RLN','Construction',2025,0,2021,4104),
('RLN','Construction',2026,0,2021,4104),
('WAR','Construction',2022,1877,2021,1915),
('WAR','Construction',2023,38,2021,1915),
('WAR','Construction',2024,0,2021,1915),
('WAR','Construction',2025,0,2021,1915),
('WAR','Construction',2026,0,2021,1915),
('WIH','Construction',2022,221,2021,476),
('WIH','Construction',2023,255,2021,476),
('WIH','Construction',2024,0,2021,476),
('WIH','Construction',2025,0,2021,476),
('WIH','Construction',2026,0,2021,476),
('WTN','Construction',2022,1636,2021,6997),
('WTN','Construction',2023,1306,2021,6997),
('WTN','Construction',2024,4055,2021,6997),
('WTN','Construction',2025,0,2021,6997),
('WTN','Construction',2026,0,2021,6997),
('ALY','Construction',2022,473,2022,5184),
('ALY','Construction',2023,2793,2022,5184),
('ALY','Construction',2024,1918,2022,5184),
('ALY','Construction',2025,0,2022,5184),
('ALY','Construction',2026,0,2022,5184),
('BNG','Construction',2022,1291,2022,1941),
('BNG','Construction',2023,651,2022,1941),
('BNG','Construction',2024,0,2022,1941),
('BNG','Construction',2025,0,2022,1941),
('BNG','Construction',2026,0,2022,1941),
('BRL','Construction',2022,1699,2022,10372),
('BRL','Construction',2023,2931,2022,10372),
('BRL','Construction',2024,5119,2022,10372),
('BRL','Construction',2025,623,2022,10372),
('BRL','Construction',2026,0,2022,10372),
('CAM','Construction',2022,0,2022,3496),
('CAM','Construction',2023,130,2022,3496),
('CAM','Construction',2024,3224,2022,3496),
('CAM','Construction',2025,142,2022,3496),
('CAM','Construction',2026,0,2022,3496),
('CBS','Construction',2022,0,2022,3393),
('CBS','Construction',2023,310,2022,3393),
('CBS','Construction',2024,2909,2022,3393),
('CBS','Construction',2025,174,2022,3393),
('CBS','Construction',2026,0,2022,3393),
('COI','Construction',2022,201,2022,1181),
('COI','Construction',2023,980,2022,1181),
('COI','Construction',2024,0,2022,1181),
('COI','Construction',2025,0,2022,1181),
('COI','Construction',2026,0,2022,1181),
('DRT','Construction',2022,284,2022,2888),
('DRT','Construction',2023,2604,2022,2888),
('DRT','Construction',2024,0,2022,2888),
('DRT','Construction',2025,0,2022,2888),
('DRT','Construction',2026,0,2022,2888),
('DUN','Construction',2022,347,2022,7819),
('DUN','Construction',2023,395,2022,7819),
('DUN','Construction',2024,4942,2022,7819),
('DUN','Construction',2025,2135,2022,7819),
('DUN','Construction',2026,0,2022,7819),
('EPH','Construction',2022,150,2022,3222),
('EPH','Construction',2023,964,2022,3222),
('EPH','Construction',2024,2107,2022,3222),
('EPH','Construction',2025,0,2022,3222),
('EPH','Construction',2026,0,2022,3222),
('GPK','Construction',2022,1038,2022,5359),
('GPK','Construction',2023,2045,2022,5359),
('GPK','Construction',2024,2275,2022,5359),
('GPK','Construction',2025,0,2022,5359),
('GPK','Construction',2026,0,2022,5359),
('GRV','Construction',2022,0,2022,4103),
('GRV','Construction',2023,2369,2022,4103),
('GRV','Construction',2024,1734,2022,4103),
('GRV','Construction',2025,0,2022,4103),
('GRV','Construction',2026,0,2022,4103),
('HAS','Construction',2022,235,2022,3149),
('HAS','Construction',2023,2720,2022,3149),
('HAS','Construction',2024,194,2022,3149),
('HAS','Construction',2025,0,2022,3149),
('HAS','Construction',2026,0,2022,3149),
('HAV','Construction',2022,1866,2022,5617),
('HAV','Construction',2023,2848,2022,5617),
('HAV','Construction',2024,903,2022,5617),
('HAV','Construction',2025,0,2022,5617),
('HAV','Construction',2026,0,2022,5617),
('HFD','Construction',2022,0,2022,200),
('HFD','Construction',2023,200,2022,200),
('HFD','Construction',2024,0,2022,200),
('HFD','Construction',2025,0,2022,200),
('HFD','Construction',2026,0,2022,200),
('TRE','Construction',2023,0,2022,0),
('TRE','Construction',2024,0,2022,0),
('TRE','Construction',2025,0,2022,0),
('TRE','Construction',2026,0,2022,0),
('SYR','Construction',2023,0,2022,0),
('SYR','Construction',2024,0,2022,0),
('SYR','Construction',2025,0,2022,0),
('SYR','Construction',2026,0,2022,0),
('HER','Construction',2022,816,2022,2743),
('HER','Construction',2023,1927,2022,2743),
('HER','Construction',2024,0,2022,2743),
('HER','Construction',2025,0,2022,2743),
('HER','Construction',2026,0,2022,2743),
('HLD','Construction',2022,573,2022,2517),
('HLD','Construction',2023,1945,2022,2517),
('HLD','Construction',2024,0,2022,2517),
('HLD','Construction',2025,0,2022,2517),
('HLD','Construction',2026,0,2022,2517),
('NBN','Construction',2022,65,2022,2419),
('NBN','Construction',2023,2354,2022,2419),
('NBN','Construction',2024,0,2022,2419),
('NBN','Construction',2025,0,2022,2419),
('NBN','Construction',2026,0,2022,2419),
('ONA','Construction',2022,740,2022,761),
('ONA','Construction',2023,21,2022,761),
('ONA','Construction',2024,0,2022,761),
('ONA','Construction',2025,0,2022,761),
('ONA','Construction',2026,0,2022,761),
('OTM','Construction',2022,839,2022,12351),
('OTM','Construction',2023,4758,2022,12351),
('OTM','Construction',2024,6238,2022,12351),
('OTM','Construction',2025,515,2022,12351),
('OTM','Construction',2026,0,2022,12351),
('RUG','Construction',2022,1623,2022,5798),
('RUG','Construction',2023,3577,2022,5798),
('RUG','Construction',2024,598,2022,5798),
('RUG','Construction',2025,0,2022,5798),
('RUG','Construction',2026,0,2022,5798),
('TOH','Construction',2022,0,2022,2216),
('TOH','Construction',2023,979,2022,2216),
('TOH','Construction',2024,1237,2022,2216),
('TOH','Construction',2025,0,2022,2216),
('TOH','Construction',2026,0,2022,2216),
('WGL','Construction',2022,0,2022,2790),
('WGL','Construction',2023,791,2022,2790),
('WGL','Construction',2024,1653,2022,2790),
('WGL','Construction',2025,346,2022,2790),
('WGL','Construction',2026,0,2022,2790),
('WIL','Construction',2022,0,2022,758),
('WIL','Construction',2023,758,2022,758),
('WIL','Construction',2024,0,2022,758),
('WIL','Construction',2025,0,2022,758),
('WIL','Construction',2026,0,2022,758),
('WSP','Construction',2022,592,2022,2139),
('WSP','Construction',2023,1547,2022,2139),
('WSP','Construction',2024,0,2022,2139),
('WSP','Construction',2025,0,2022,2139),
('WSP','Construction',2026,0,2022,2139),
('YAZ','Construction',2022,1995,2022,3355),
('YAZ','Construction',2023,1360,2022,3355),
('YAZ','Construction',2024,0,2022,3355),
('YAZ','Construction',2025,0,2022,3355),
('YAZ','Construction',2026,0,2022,3355),
('BAR','Construction',2022,0,2023,6000),
('BAR','Construction',2023,38,2023,6000),
('BAR','Construction',2024,1920,2023,6000),
('BAR','Construction',2025,3626,2023,6000),
('BAR','Construction',2026,416,2023,6000),
('BRA','Construction',2022,0,2023,5000),
('BRA','Construction',2023,129,2023,5000),
('BRA','Construction',2024,3288,2023,5000),
('BRA','Construction',2025,1583,2023,5000),
('BRA','Construction',2026,0,2023,5000),
('BYN','Construction',2022,0,2023,4608),
('BYN','Construction',2023,123,2023,4608),
('BYN','Construction',2024,4466,2023,4608),
('BYN','Construction',2025,19,2023,4608),
('BYN','Construction',2026,0,2023,4608),
('COX','Construction',2022,0,2023,2000),
('COX','Construction',2023,0,2023,2000),
('COX','Construction',2024,1696,2023,2000),
('COX','Construction',2025,304,2023,2000),
('COX','Construction',2026,0,2023,2000),
('CTL','Construction',2022,0,2023,5100),
('CTL','Construction',2023,1439,2023,5100),
('CTL','Construction',2024,2862,2023,5100),
('CTL','Construction',2025,800,2023,5100),
('CTL','Construction',2026,0,2023,5100),
('DEM','Construction',2022,0,2023,1200),
('DEM','Construction',2023,0,2023,1200),
('DEM','Construction',2024,1080,2023,1200),
('DEM','Construction',2025,120,2023,1200),
('DEM','Construction',2026,0,2023,1200),
('DNK','Construction',2022,0,2023,2692),
('DNK','Construction',2023,90,2023,2692),
('DNK','Construction',2024,2352,2023,2692),
('DNK','Construction',2025,250,2023,2692),
('DNK','Construction',2026,0,2023,2692),
('ELT','Construction',2022,0,2023,500),
('ELT','Construction',2023,0,2023,500),
('ELT','Construction',2024,0,2023,500),
('ELT','Construction',2025,0,2023,500),
('ELT','Construction',2026,500,2023,500),
('FAY','Construction',2022,0,2023,3540),
('FAY','Construction',2023,295,2023,3540),
('FAY','Construction',2024,813,2023,3540),
('FAY','Construction',2025,2433,2023,3540),
('FAY','Construction',2026,0,2023,3540),
('FMG','Construction',2022,0,2023,3000),
('FMG','Construction',2023,145,2023,3000),
('FMG','Construction',2024,2182,2023,3000),
('FMG','Construction',2025,673,2023,3000),
('FMG','Construction',2026,0,2023,3000),
('FTN','Construction',2022,0,2023,1425),
('FTN','Construction',2023,1425,2023,1425),
('FTN','Construction',2024,0,2023,1425),
('FTN','Construction',2025,0,2023,1425),
('FTN','Construction',2026,0,2023,1425),
('GAC','Construction',2022,0,2023,4500),
('GAC','Construction',2023,438,2023,4500),
('GAC','Construction',2024,1907,2023,4500),
('GAC','Construction',2025,2154,2023,4500),
('GAC','Construction',2026,0,2023,4500),
('GNS','Construction',2022,0,2023,1500),
('GNS','Construction',2023,1099,2023,1500),
('GNS','Construction',2024,401,2023,1500),
('GNS','Construction',2025,0,2023,1500),
('GNS','Construction',2026,0,2023,1500),
('GRA','Construction',2022,0,2023,1950),
('GRA','Construction',2023,562,2023,1950),
('GRA','Construction',2024,1388,2023,1950)

INSERT INTO [OnTrack.Budget] VALUES
('GRA','Construction',2025,0,2023,1950),
('GRA','Construction',2026,0,2023,1950),
('GSC','Construction',2022,0,2023,2640),
('GSC','Construction',2023,0,2023,2640),
('GSC','Construction',2024,1049,2023,2640),
('GSC','Construction',2025,1591,2023,2640),
('GSC','Construction',2026,0,2023,2640),
('HGD','Construction',2022,0,2023,1200),
('HGD','Construction',2023,1200,2023,1200),
('HGD','Construction',2024,0,2023,1200),
('HGD','Construction',2025,0,2023,1200),
('HGD','Construction',2026,0,2023,1200),
('KCY','Construction',2022,0,2023,7750),
('KCY','Construction',2023,407,2023,7750),
('KCY','Construction',2024,2360,2023,7750),
('KCY','Construction',2025,4368,2023,7750),
('KCY','Construction',2026,615,2023,7750),
('KFS','Construction',2022,0,2023,7836),
('KFS','Construction',2023,487,2023,7836),
('KFS','Construction',2024,1968,2023,7836),
('KFS','Construction',2025,4591,2023,7836),
('KFS','Construction',2026,790,2023,7836),
('KWD','Construction',2022,0,2023,6380),
('KWD','Construction',2023,619,2023,6380),
('KWD','Construction',2024,714,2023,6380),
('KWD','Construction',2025,3081,2023,6380),
('KWD','Construction',2026,1966,2023,6380),
('LAB','Construction',2022,0,2023,1700),
('LAB','Construction',2023,0,2023,1700),
('LAB','Construction',2024,745,2023,1700),
('LAB','Construction',2025,955,2023,1700),
('LAB','Construction',2026,0,2023,1700),
('LAJ','Construction',2022,0,2023,3000),
('LAJ','Construction',2023,1323,2023,3000),
('LAJ','Construction',2024,1677,2023,3000),
('LAJ','Construction',2025,0,2023,3000),
('LAJ','Construction',2026,0,2023,3000),
('LDB','Construction',2022,0,2023,1200),
('LDB','Construction',2023,1200,2023,1200),
('LDB','Construction',2024,0,2023,1200),
('LDB','Construction',2025,0,2023,1200),
('LDB','Construction',2026,0,2023,1200),
('LFT','Construction',2022,0,2023,1500),
('LFT','Construction',2023,1500,2023,1500),
('LFT','Construction',2024,0,2023,1500),
('LFT','Construction',2025,0,2023,1500),
('LFT','Construction',2026,0,2023,1500),
('LMY','Construction',2022,0,2023,4750),
('LMY','Construction',2023,262,2023,4750),
('LMY','Construction',2024,1871,2023,4750),
('LMY','Construction',2025,2617,2023,4750),
('LMY','Construction',2026,0,2023,4750),
('LNC','Construction',2022,0,2023,400),
('LNC','Construction',2023,400,2023,400),
('LNC','Construction',2024,0,2023,400),
('LNC','Construction',2025,0,2023,400),
('LNC','Construction',2026,0,2023,400),
('LOD','Construction',2022,0,2023,500),
('LOD','Construction',2023,0,2023,500),
('LOD','Construction',2024,500,2023,500),
('LOD','Construction',2025,0,2023,500),
('LOD','Construction',2026,0,2023,500),
('MAY','Construction',2022,0,2023,1800),
('MAY','Construction',2023,1126,2023,1800),
('MAY','Construction',2024,674,2023,1800),
('MAY','Construction',2025,0,2023,1800),
('MAY','Construction',2026,0,2023,1800),
('MCB','Construction',2022,0,2023,5400),
('MCB','Construction',2023,1051,2023,5400),
('MCB','Construction',2024,3765,2023,5400),
('MCB','Construction',2025,585,2023,5400),
('MCB','Construction',2026,0,2023,5400),
('MIA','Construction',2022,0,2023,1200),
('MIA','Construction',2023,0,2023,1200),
('MIA','Construction',2024,1200,2023,1200),
('MIA','Construction',2025,0,2023,1200),
('MIA','Construction',2026,0,2023,1200),
('MPR','Construction',2022,0,2023,2429),
('MPR','Construction',2023,932,2023,2429),
('MPR','Construction',2024,1498,2023,2429),
('MPR','Construction',2025,0,2023,2429),
('MPR','Construction',2026,0,2023,2429),
('MTP','Construction',2022,0,2023,4500),
('MTP','Construction',2023,1211,2023,4500),
('MTP','Construction',2024,3047,2023,4500),
('MTP','Construction',2025,243,2023,4500),
('MTP','Construction',2026,0,2023,4500),
('NLS','Construction',2022,0,2023,8000),
('NLS','Construction',2023,1116,2023,8000),
('NLS','Construction',2024,570,2023,8000),
('NLS','Construction',2025,2820,2023,8000),
('NLS','Construction',2026,3494,2023,8000),
('ORC','Construction',2022,0,2023,1050),
('ORC','Construction',2023,1050,2023,1050),
('ORC','Construction',2024,0,2023,1050),
('ORC','Construction',2025,0,2023,1050),
('ORC','Construction',2026,0,2023,1050),
('PLB','Construction',2022,0,2023,2025),
('PLB','Construction',2023,4,2023,2025),
('PLB','Construction',2024,1926,2023,2025),
('PLB','Construction',2025,96,2023,2025),
('PLB','Construction',2026,0,2023,2025),
('PLO','Construction',2022,0,2023,4600),
('PLO','Construction',2023,0,2023,4600),
('PLO','Construction',2024,1614,2023,4600),
('PLO','Construction',2025,2986,2023,4600),
('PLO','Construction',2026,0,2023,4600),
('POS','Construction',2022,0,2023,1500),
('POS','Construction',2023,1196,2023,1500),
('POS','Construction',2024,304,2023,1500),
('POS','Construction',2025,0,2023,1500),
('POS','Construction',2026,0,2023,1500),
('PRC','Construction',2022,0,2023,6880),
('PRC','Construction',2023,311,2023,6880),
('PRC','Construction',2024,2264,2023,6880),
('PRC','Construction',2025,4038,2023,6880),
('PRC','Construction',2026,267,2023,6880),
('PSN','Construction',2022,0,2023,1200),
('PSN','Construction',2023,630,2023,1200),
('PSN','Construction',2024,570,2023,1200),
('PSN','Construction',2025,0,2023,1200),
('PSN','Construction',2026,0,2023,1200),
('RAT','Construction',2022,0,2023,1500),
('RAT','Construction',2023,1448,2023,1500),
('RAT','Construction',2024,52,2023,1500),
('RAT','Construction',2025,0,2023,1500),
('RAT','Construction',2026,0,2023,1500),
('RDW','Construction',2022,0,2023,5940),
('RDW','Construction',2023,666,2023,5940),
('RDW','Construction',2024,90,2023,5940),
('RDW','Construction',2025,3583,2023,5940),
('RDW','Construction',2026,1601,2023,5940),
('RMT','Construction',2022,0,2023,4461),
('RMT','Construction',2023,1388,2023,4461),
('RMT','Construction',2024,3073,2023,4461),
('RMT','Construction',2025,0,2023,4461),
('RMT','Construction',2026,0,2023,4461),
('RIC','Construction',2022,0,2023,3000),
('RIC','Construction',2023,935,2023,3000),
('RIC','Construction',2024,2065,2023,3000),
('RIC','Construction',2025,0,2023,3000),
('RIC','Construction',2026,0,2023,3000),
('SCD','Construction',2022,0,2023,1200),
('SCD','Construction',2023,130,2023,1200),
('SCD','Construction',2024,1070,2023,1200),
('SCD','Construction',2025,0,2023,1200),
('SCD','Construction',2026,0,2023,1200),
('SDL','Construction',2022,0,2023,1200),
('SDL','Construction',2023,176,2023,1200),
('SDL','Construction',2024,1024,2023,1200),
('SDL','Construction',2025,0,2023,1200),
('SDL','Construction',2026,0,2023,1200),
('SNS','Construction',2022,0,2023,3600),
('SNS','Construction',2023,1044,2023,3600),
('SNS','Construction',2024,2556,2023,3600),
('SNS','Construction',2025,0,2023,3600),
('SNS','Construction',2026,0,2023,3600),
('SPT','Construction',2022,0,2023,2050),
('SPT','Construction',2023,0,2023,2050),
('SPT','Construction',2024,1783,2023,2050),
('SPT','Construction',2025,267,2023,2050),
('SPT','Construction',2026,0,2023,2050),
('STN','Construction',2022,0,2023,1200),
('STN','Construction',2023,1200,2023,1200),
('STN','Construction',2024,0,2023,1200),
('STN','Construction',2025,0,2023,1200),
('STN','Construction',2026,0,2023,1200),
('TCL','Construction',2022,0,2023,1200),
('TCL','Construction',2023,0,2023,1200),
('TCL','Construction',2024,1071,2023,1200),
('TCL','Construction',2025,129,2023,1200),
('TCL','Construction',2026,0,2023,1200),
('TRI','Construction',2022,0,2023,250),
('TRI','Construction',2023,240,2023,250),
('TRI','Construction',2024,10,2023,250),
('TRI','Construction',2025,0,2023,250),
('TRI','Construction',2026,0,2023,250),
('TRU','Construction',2022,0,2023,1800),
('TRU','Construction',2023,1298,2023,1800),
('TRU','Construction',2024,502,2023,1800),
('TRU','Construction',2025,0,2023,1800),
('TRU','Construction',2026,0,2023,1800),
('VRV','Construction',2022,0,2023,1500),
('VRV','Construction',2023,1500,2023,1500),
('VRV','Construction',2024,0,2023,1500),
('VRV','Construction',2025,0,2023,1500),
('VRV','Construction',2026,0,2023,1500),
('WLO','Construction',2022,0,2023,7500),
('WLO','Construction',2023,397,2023,7500),
('WLO','Construction',2024,2479,2023,7500),
('WLO','Construction',2025,4287,2023,7500),
('WLO','Construction',2026,336,2023,7500),
('WSS','Construction',2022,0,2023,3390),
('WSS','Construction',2023,0,2023,3390),
('WSS','Construction',2024,2552,2023,3390),
('WSS','Construction',2025,838,2023,3390),
('WSS','Construction',2026,0,2023,3390),
('CHI','Deployment',2022,5039,2019,8636),
('CHI','Deployment',2023,1477,2019,8636),
('CHI','Deployment',2024,2120,2019,8636),
('CHI','Deployment',2025,0,2019,8636),
('CHI','Deployment',2026,0,2019,8636),
('PGH','Deployment',2022,0,2023,433),
('PGH','Deployment',2023,174,2023,433),
('PGH','Deployment',2024,260,2023,433),
('PGH','Deployment',2025,0,2023,433),
('PGH','Deployment',2026,0,2023,433),
('FTW','Deployment',2022,0,2023,1138),
('FTW','Deployment',2023,497,2023,1138),
('FTW','Deployment',2024,641,2023,1138),
('FTW','Deployment',2025,0,2023,1138),
('FTW','Deployment',2026,0,2023,1138),
('PDX','Deployment',2022,0,2023,770),
('PDX','Deployment',2023,297,2023,770),
('PDX','Deployment',2024,473,2023,770),
('PDX','Deployment',2025,0,2023,770),
('PDX','Deployment',2026,0,2023,770),
('CVS','Deployment',2022,0,2023,850),
('CVS','Deployment',2023,206,2023,850),
('CVS','Deployment',2024,645,2023,850),
('CVS','Deployment',2025,0,2023,850),
('CVS','Deployment',2026,0,2023,850),
('FAY','Deployment',2022,0,2023,494),
('FAY','Deployment',2023,260,2023,494),
('FAY','Deployment',2024,234,2023,494),
('FAY','Deployment',2025,0,2023,494),
('FAY','Deployment',2026,0,2023,494),
('SPI','Deployment',2022,0,2023,320),
('SPI','Deployment',2023,0,2023,320),
('SPI','Deployment',2024,320,2023,320),
('SPI','Deployment',2025,0,2023,320),
('SPI','Deployment',2026,0,2023,320)
